string_key,zh-Hans,zh-Hant,ru,pt-BR
memo.1.title,另一片森林,另一片森林,Другой лес,Outra floresta
memo.1.body,试玩版发生在与完整版不同的森林。,試玩版發生在與完整版不同的森林。,"Действие демоверсии происходит в другом лесу, не там, где основная игра.",A demo se passa em uma floresta diferente da do jogo completo.
memo.2.title,友善的鼹鼠,友善的鼴鼠,Добрый Крот,A gentil Toupeira
memo.2.body,鼹鼠出乎意料地友善。,鼴鼠出乎意料地友善。,Крот на удивление добр.,A Toupeira é surpreendentemente gentil.
memo.3.title,基地的重要功能,基地的重要功能,Важная функция базы,A função importante da base
memo.3.body,基地有很多设施，但现在最重要的是厕所。,基地有很多設施，但現在最重要的是廁所。,"На базе много разных устройств, но сейчас важнее всего туалет.","A base tem várias instalações, mas agora o que importa é o banheiro."
memo.4.title,回去,回去,Возвращайся,Volte
memo.4.body,你都走到这里了。现在回去吧。,你都走到這裏了。現在回去吧。,Ты добрался так далеко. Теперь возвращайся.,Você chegou até aqui. Agora volte.
memo.5.title,丢失的武器,丟失的武器,Потерянное оружие,Arma perdida
memo.5.body,要是丢了武器，就在这里捡一把。,要是丟了武器，就在這裏撿一把。,"Если потеряешь оружие, подбери новое здесь.","Se perder sua arma, pegue uma aqui."
memo.6.title,生锈的梯子,生鏽的梯子,Ржавая лестница,Escada enferrujada
memo.6.body,如果第一级梯档还没凉，就说明有人刚经过。扶手上残留的温度不会说谎。先听听脚步声，再决定跟上去还是躲起来。,如果第一級梯檔還沒涼，就說明有人剛經過。扶手上殘留的溫度不會說謊。先聽聽腳步聲，再決定跟上去還是躲起來。,"Если первая перекладина ещё тёплая, значит, кто-то недавно здесь проходил. Тепло на поручне не обманет. Прислушайся к шагам, прежде чем решать, идти следом или прятаться.","Se o primeiro degrau não estiver frio, alguém passou por aqui há pouco. O calor deixado no corrimão não mente. Escute os passos antes de decidir entre seguir ou se esconder."
memo.7.title,蓝色镜头,藍色鏡頭,Синяя линза,Lente azul
memo.7.body,蓝色镜头的机器对侧面的反应比正面慢。要是反光向左偏移，它已经开始追踪你了。赶快借墙体遮住自己。,藍色鏡頭的機器對側面的反應比正面慢。要是反光向左偏移，它已經開始追蹤你了。趕快借牆體遮住自己。,"Машины с синими линзами замечают движение по бокам медленнее, чем спереди. Если блик смещается влево, слежка уже началась. Скорее укройся за стеной.","Máquinas com lentes azuis demoram mais para perceber o que está dos lados do que à frente. Se o brilho se deslocar para a esquerda, o rastreamento já começou. Saia logo da linha de visão, atrás de uma parede."
memo.8.title,食品仓库的编号,食品倉庫的編號,Номера продовольственных складов,Os números do armazém de alimentos
memo.8.body,仓库编号小，不代表更安全。旧区域的锁虽然比较弱，地板却会传出更多声响。别踩空罐头。,倉庫編號小，不代表更安全。舊區域的鎖雖然比較弱，地板卻會傳出更多聲響。別踩空罐頭。,"Меньший номер склада не делает его безопаснее. В старых секторах замки слабее, зато пол сильнее выдаёт звуки. Не наступай на пустые банки.","Um número menor no armazém não significa mais segurança. Quanto mais antigo o setor, mais fracas as fechaduras, mas mais sons o chão guarda na memória. Não pise nas latas vazias."
memo.9.title,沉默的无线电,沉默的無線電,Замолчавшее радио,Rádio silencioso
memo.9.body,有时无线电会突然吞掉自己的杂音。这不是远方传来了信号，而是附近的信号被压制了。检查金属货架下面。,有時無線電會突然吞掉自己的雜音。這不是遠方傳來了信號，而是附近的信號被壓制了。檢查金屬貨架下面。,Иногда радио внезапно перестаёт шипеть. Это не сигнал издалека: где-то рядом подавляют передачу. Проверь под металлическими стеллажами.,"Às vezes, o rádio engole o próprio chiado. Isso significa que um sinal está sendo abafado por perto, não que chegou de longe. Verifique embaixo da estante de metal."
memo.10.title,长廊里的风,長廊裏的風,Ветер в длинном коридоре,Vento no longo corredor
memo.10.body,走廊尽头吹来风，说明通风系统还在运转，不是出口就在附近。如果风扇声里少了一拍，那里可能藏着通道。,走廊盡頭吹來風，說明通風系統還在運轉，不是出口就在附近。如果風扇聲裏少了一拍，那裏可能藏着通道。,"Ветер из конца коридора означает, что вентиляция работает, а не то, что рядом выход. Пропущенный такт в гуле вентилятора указывает на скрытый проход.","Vento vindo do fim do corredor significa que a ventilação ainda funciona, não que há uma saída por perto. Uma falha no ritmo do ventilador indica uma passagem escondida."
memo.11.title,旧弹壳,舊彈殼,Старые гильзы,Estojos de munição antigos
memo.11.body,地上的弹壳会指出战斗的方向。若许多弹壳滚向入口，就有人边撤退边开枪。尽头往往还留着急促的喘息声。,地上的彈殼會指出戰鬥的方向。若許多彈殼滾向入口，就有人邊撤退邊開槍。盡頭往往還留着急促的喘息聲。,"Гильзы на полу показывают направление боя. Если многие откатились к входу, кто-то стрелял при отступлении. В конце пути часто слышно сбивчивое дыхание.","Os estojos de munição no chão revelam a direção do combate. Se muitos rolaram para a entrada, alguém atirou enquanto recuava. No fim desse caminho, costuma restar uma respiração ofegante."
memo.12.title,上锁的医疗箱,上鎖的醫療箱,Запертый медицинский ящик,Caixa de primeiros socorros trancada
memo.12.body,医疗箱空了也别扔。锁扣里面还留着一根细铁针。紧急时，小小的缝隙可能比一扇门更有用。,醫療箱空了也別扔。鎖釦裏面還留着一根細鐵針。緊急時，小小的縫隙可能比一扇門更有用。,Не выбрасывай пустой медицинский ящик. В защёлке остался тонкий металлический штифт. В беде маленькая щель может оказаться полезнее двери.,"Não jogue fora uma caixa de primeiros socorros vazia. Dentro do fecho ainda há um pino fino de metal. Numa emergência, uma pequena fresta pode ser mais útil que uma porta."
memo.13.title,白线下方,白線下方,Под белой линией,Sob a linha branca
memo.13.body,地上的白线不是路标，而是警戒线。沿线走很快，但下方的管道会把脚步声传得很远。想悄悄前进，就避开它。,地上的白線不是路標，而是警戒線。沿線走很快，但下方的管道會把腳步聲傳得很遠。想悄悄前進，就避開它。,"Белая линия на полу — граница, а не указатель. Вдоль неё идти быстрее, но трубы под ней разносят шаги далеко. Хочешь пройти тихо — держись в стороне.","A linha branca no chão marcava uma área proibida, não um caminho. Segui-la é mais rápido, mas os canos embaixo dela levam os passos para longe. Para andar em silêncio, fique longe da linha."
memo.14.title,没有归来的地图,沒有歸來的地圖,"Карта, которая не вернулась",O mapa que nunca voltou
memo.14.body,地图上标着北方朝上，但这里的北方不一定通向出口。阳光照来的方向和求救信号传来的方向并不相同。,地圖上標着北方朝上，但這裏的北方不一定通向出口。陽光照來的方向和求救信號傳來的方向並不相同。,"На карте север наверху, но здесь север не всегда ведёт к выходу. Солнечный свет и спасательный сигнал приходят с разных сторон.","O mapa diz que o norte fica para cima, mas aqui o norte nem sempre leva à saída. A luz do sol e os sinais de resgate vêm de direções diferentes."
memo.15.title,电源开关旁的便条,電源開關旁的便條,Записка у выключателя,Bilhete ao lado do interruptor
memo.15.body,关机的设备不等于死掉的设备。即使断电，它也记得最后一道命令。触碰之前，先想想它原本要停止什么。,關機的設備不等於死掉的設備。即使斷電，它也記得最後一道命令。觸碰之前，先想想它原本要停止什麼。,"Выключенное устройство не мертво. Даже без питания оно помнит последний приказ. Прежде чем коснуться его, подумай, что оно должно было остановить.","Um aparelho desligado não é um aparelho morto. Mesmo sem energia, ele se lembra do último comando. Antes de tocar nele, pense no que ele deveria impedir."
memo.16.title,两颗小螺丝,兩顆小螺絲,Два маленьких винта,Dois parafusos pequenos
memo.16.body,小螺丝很容易被扔掉，但这里的门靠的不是大零件，而是一枚小小的固定销。总要在口袋里给不起眼的东西留点位置。,小螺絲很容易被扔掉，但這裏的門靠的不是大零件，而是一枚小小的固定銷。總要在口袋裏給不起眼的東西留點位置。,"Маленькие винты легко выбросить. Но здешние двери держатся не на крупных деталях, а на крошечном штифте. Оставь в кармане место для мелочей.","É fácil jogar fora parafusos pequenos. Mas as portas daqui se sustentam por um minúsculo pino de fixação, mais do que por qualquer peça grande. Deixe sempre um bolso livre para as coisas que parecem insignificantes."
memo.17.title,回声低沉的房间,回聲低沉的房間,Комната с глухим эхом,Sala de eco baixo
memo.17.body,回声低沉的房间并不一定是空的。天花板上方的空间正在吞噬声音。如果听着沉闷，却看不见影子，先抬头看看。,回聲低沉的房間並不一定是空的。天花板上方的空間正在吞噬聲音。如果聽着沉悶，卻看不見影子，先抬頭看看。,"Комната с глухим эхом не обязательно пуста. Пространство над потолком поглощает звук. Если эхо глухое, а тени не видно, сперва посмотри наверх.","Uma sala de eco baixo não está vazia. O espaço acima do teto está engolindo o som. Se o som estiver abafado mesmo sem nenhuma sombra, olhe para cima primeiro."
memo.18.title,湿手套,溼手套,Мокрые перчатки,Luvas molhadas
memo.18.body,湿手套挡不住寒冷，却能稍稍拖慢触电反应。它并不能保护你，只能为逃脱争取片刻时间。,溼手套擋不住寒冷，卻能稍稍拖慢觸電反應。它並不能保護你，只能爲逃脫爭取片刻時間。,"Мокрые перчатки не спасут от холода, но могут немного отсрочить удар током. Это не защита — лишь несколько мгновений, чтобы успеть сбежать.","Luvas molhadas não impedem o frio, mas podem atrasar um pouco um choque elétrico. Não garantem segurança. Só dão um instante que pode virar tempo para fugir."
memo.19.title,闭眼标记,閉眼標記,Знак закрытого глаза,A marca do olho fechado
memo.19.body,闭眼标记并不是藏身处的意思，它标记的是监视者闭上眼睛的区域。待太久，你就会亲眼看到它再次睁开。,閉眼標記並不是藏身處的意思，它標記的是監視者閉上眼睛的區域。待太久，你就會親眼看到它再次睜開。,"Знак закрытого глаза обозначает не укрытие, а место, где наблюдатель закрывает свой глаз. Задержишься — увидишь, как он откроется снова.",A marca do olho fechado não indicava um esconderijo. Marcava o lugar onde o vigia fecha o olho. Fique tempo demais e você verá o momento em que ele se abre de novo.
memo.20.title,最后一餐之前,最後一餐之前,Перед последней трапезой,Antes da última refeição
memo.20.body,有人把第一顿饭准备得像是最后一顿。每只盘子都朝着北方。他们等的是一个人，还是一个信号？,有人把第一頓飯準備得像是最後一頓。每隻盤子都朝着北方。他們等的是一個人，還是一個信號？,"Кто-то приготовил первую трапезу так, словно она последняя. Все тарелки были повёрнуты на север. Они ждали человека или сигнала?",Alguém preparou a primeira refeição como se fosse a última. Todos os pratos estavam voltados para o norte. Será que esperavam por uma pessoa ou por um sinal?
