string_key,zh-Hans,zh-Hant,ru
shop.vending_machine,自动售货机,自動售貨機,Торговый автомат
item.pistol,手枪,手槍,Пистолет
item.rifle,步枪,步槍,Винтовка
item.shotgun,霰弹枪,霰彈槍,Дробовик
item.smg,冲锋枪,衝鋒槍,Пистолет-пулемёт
item.advanced_rifle,强化突击步枪,強化突擊步槍,Улучшенная штурмовая винтовка
item.advanced_smg,强化冲锋枪,強化衝鋒槍,Улучшенный пистолет-пулемёт
item.wooden_club,木棍,木棍,Деревянная дубинка
item.spiked_club,狼牙棒,狼牙棒,Шипованная дубинка
item.pistol_ammo,手枪弹药,手槍彈藥,Патроны для пистолета
item.rifle_ammo,步枪弹药,步槍彈藥,Патроны для винтовки
item.shotgun_ammo,霰弹枪弹药,霰彈槍彈藥,Патроны для дробовика
item.rusty_pistol_ammo,劣质手枪弹,劣質手槍彈,Ржавые патроны для пистолета
item.pistol_ap_ammo,手枪穿甲弹,手槍穿甲彈,Бронебойные патроны для пистолета
item.rusty_rifle_ammo,劣质步枪弹,劣質步槍彈,Ржавые патроны для винтовки
item.rifle_ap_ammo,步枪穿甲弹,步槍穿甲彈,Бронебойные патроны для винтовки
item.rusty_shotgun_ammo,劣质霰弹,劣質霰彈,Ржавые патроны для дробовика
item.shotgun_ap_ammo,霰弹枪穿甲弹,霰彈槍穿甲彈,Бронебойные патроны для дробовика
item.rifle_extended_magazine,步枪扩容弹匣,步槍擴容彈匣,Увеличенный магазин для винтовки
item.red_dot_optic,红点瞄具,紅點瞄具,Коллиматорный прицел
item.laser_sight,激光瞄具,激光瞄具,Лазерный прицел
item.canned_food,罐头食品,罐頭食品,Консервы
item.water_bottle,瓶装水,瓶裝水,Бутылка воды
item.large_water_bottle,大瓶装水,大瓶裝水,Большая бутылка воды
item.king_water_bottle,王之瓶装水,王之瓶裝水,Королевская вода
item.energy_bar,能量棒,能量棒,Энергетический батончик
item.canned_tuna,金枪鱼罐头,金槍魚罐頭,Консервированный тунец
item.bandage,绷带,繃帶,Бинт
item.first_aid_kit,急救包,急救包,Аптечка
item.painkillers,止痛药,止痛藥,Обезболивающие
item.antibiotics,抗生素,抗生素,Антибиотики
item.body_armor,防弹背心,防彈背心,Бронежилет
item.ballistic_helmet,防弹头盔,防彈頭盔,Баллистический шлем
item.tactical_sunglasses,战术墨镜,戰術墨鏡,Тактические солнцезащитные очки
item.tactical_earphones_tier1,战术耳机 I,戰術耳機 I,Тактические наушники I
item.tactical_earphones_tier2,战术耳机 II,戰術耳機 II,Тактические наушники II
item.tactical_jacket,战术夹克,戰術夾克,Тактическая куртка
item.backpack,背包,揹包,Рюкзак
item.valuables_crate,贵重物品箱,貴重物品箱,Ящик с ценностями
container.wooden_crate,木箱,木箱,Деревянный ящик
container.metal_case,金属箱,金屬箱,Металлический ящик
container.supply_cache,补给箱,補給箱,Ящик с припасами
container.cardboard_box,纸箱,紙箱,Картонная коробка
container.pistol_ammo_box,手枪弹药箱,手槍彈藥箱,Ящик патронов для пистолета
container.rifle_ammo_box,步枪弹药箱,步槍彈藥箱,Ящик патронов для винтовки
item.pistol.desc,适合近距离防身的基础手枪。,適合近距離防身的基礎手槍。,Базовый пистолет для защиты на близкой дистанции.
item.rifle.desc,适合中距离交战的可靠步枪。,適合中距離交戰的可靠步槍。,Надёжная винтовка для боя на средней дистанции.
item.shotgun.desc,在狭小空间内火力强劲的霰弹枪。,在狹小空間內火力強勁的霰彈槍。,Дробовик с высокой мощью в тесных помещениях.
item.smg.desc,适合短点射且装填迅速的冲锋枪。,適合短點射且裝填迅速的衝鋒槍。,Пистолет-пулемёт для коротких очередей с быстрой перезарядкой.
item.advanced_rifle.desc,改良零件提升了弹匣容量与装填性能的突击步枪。,改良零件提升了彈匣容量與裝填性能的突擊步槍。,Штурмовая винтовка с улучшенными магазином и скоростью перезарядки.
item.advanced_smg.desc,使用高级零件，持续火力更强的冲锋枪。,使用高級零件，持續火力更強的衝鋒槍。,Улучшенный пистолет-пулемёт с более плотным непрерывным огнём.
item.wooden_club.desc,由结实木材制成的基础近战武器。,由結實木材製成的基礎近戰武器。,Простое оружие ближнего боя из крепкой древесины.
item.spiked_club.desc,装有粗大尖刺的沉重棍棒。,裝有粗大尖刺的沉重棍棒。,Тяжёлая дубинка с крупными шипами.
item.pistol_ammo.desc,一小包手枪弹药。,一小包手槍彈藥。,Небольшая пачка патронов для пистолета.
item.rifle_ammo.desc,一包标准步枪弹药。,一包標準步槍彈藥。,Пачка стандартных патронов для винтовки.
item.shotgun_ammo.desc,霰弹枪使用的弹药。,霰彈槍使用的彈藥。,Патроны для дробовика.
item.rusty_pistol_ammo.desc,状态不佳、威力较低的手枪弹药。,狀態不佳、威力較低的手槍彈藥。,Пистолетные патроны плохого качества с пониженным уроном.
item.pistol_ap_ammo.desc,提高了穿甲能力的手枪弹药。,提高了穿甲能力的手槍彈藥。,Пистолетные патроны с повышенным бронепробитием.
item.rusty_rifle_ammo.desc,状态不佳、威力较低的步枪弹药。,狀態不佳、威力較低的步槍彈藥。,Винтовочные патроны плохого качества с пониженным уроном.
item.rifle_ap_ammo.desc,提高了穿甲能力的步枪弹药。,提高了穿甲能力的步槍彈藥。,Винтовочные патроны с повышенным бронепробитием.
item.rusty_shotgun_ammo.desc,状态不佳、威力较低的霰弹。,狀態不佳、威力較低的霰彈。,Патроны для дробовика плохого качества с пониженным уроном.
item.shotgun_ap_ammo.desc,适合对付坚硬目标的霰弹枪穿甲弹。,適合對付堅硬目標的霰彈槍穿甲彈。,Бронебойные патроны для дробовика против бронированных целей.
item.rifle_extended_magazine.desc,可装入步枪弹匣槽位的扩容弹匣。,可裝入步槍彈匣槽位的擴容彈匣。,Увеличенный магазин для слота магазина винтовки.
item.red_dot_optic.desc,可装入步枪瞄具槽位的简易瞄准装置。,可裝入步槍瞄具槽位的簡易瞄準裝置。,Простой прицел для оптического слота винтовки.
item.laser_sight.desc,可装入步枪战术配件槽位的激光瞄准装置。,可裝入步槍戰術配件槽位的激光瞄準裝置。,Лазерный прицел для тактического слота винтовки.
item.canned_food.desc,可以长期保存的普通罐头食品。,可以長期保存的普通罐頭食品。,Обычные консервы с длительным сроком хранения.
item.water_bottle.desc,能解渴的干净瓶装水。,能解渴的乾淨瓶裝水。,"Чистая питьевая вода, утоляющая жажду."
item.large_water_bottle.desc,相当于两瓶水的大瓶装水。,相當於兩瓶水的大瓶裝水。,Большая бутылка чистой воды объёмом в две обычные.
item.king_water_bottle.desc,由普通瓶装水和大瓶装水组合而成的王之瓶装水。,由普通瓶裝水和大瓶裝水組合而成的王之瓶裝水。,"Королевская вода, созданная из обычной и большой бутылок воды."
item.energy_bar.desc,能迅速缓解饥饿的小型能量棒。,能迅速緩解飢餓的小型能量棒。,"Небольшой батончик, который быстро утоляет голод."
item.canned_tuna.desc,贴着黄色标签的金枪鱼罐头。,貼着黃色標籤的金槍魚罐頭。,Банка тунца с жёлтой этикеткой.
item.bandage.desc,用于处理轻伤的绷带。,用於處理輕傷的繃帶。,Бинт для оказания первой помощи при лёгких ранениях.
item.first_aid_kit.desc,装有基础医疗用品的急救包。,裝有基礎醫療用品的急救包。,Аптечка с основными средствами первой помощи.
item.painkillers.desc,暂时缓解疼痛的药品。,暫時緩解疼痛的藥品。,"Лекарство, временно уменьшающее боль."
item.antibiotics.desc,降低感染风险的抗生素。,降低感染風險的抗生素。,"Антибиотики, снижающие риск инфекции."
item.body_armor.desc,保护躯干的简易防弹背心。,保護軀幹的簡易防彈背心。,"Простой бронежилет, защищающий туловище."
item.ballistic_helmet.desc,保护头部的防弹头盔。,保護頭部的防彈頭盔。,Баллистический шлем для защиты головы.
item.tactical_sunglasses.desc,面部装备槽位使用的装饰性墨镜。,面部裝備槽位使用的裝飾性墨鏡。,Декоративные очки для слота снаряжения лица.
item.tactical_earphones_tier1.desc,帮助更清晰听到周围声音的基础耳机。,幫助更清晰聽到周圍聲音的基礎耳機。,Базовые наушники для более чёткого восприятия окружающих звуков.
item.tactical_earphones_tier2.desc,隔音与通信性能更好的高级耳机。,隔音與通信性能更好的高級耳機。,Улучшенные наушники с более качественной шумоизоляцией и связью.
item.tactical_jacket.desc,可装备在身体槽位的防护服。,可裝備在身體槽位的防護服。,Защитная одежда для слота снаряжения тела.
item.backpack.desc,提供额外储物空间的背包。,提供額外儲物空間的揹包。,Рюкзак с дополнительным местом для предметов.
item.valuables_crate.desc,可能装有可出售物品的小箱子。,可能裝有可出售物品的小箱子。,"Небольшой ящик, в котором могут быть ценные вещи на продажу."
item.backpack_tier1,鸡蛋背包,雞蛋揹包,Рюкзак-яйцо
item.backpack_tier2,小鸡背包,小雞揹包,Рюкзак-курица
item.backpack_tier3,恐龙背包,恐龍揹包,Рюкзак-динозавр
item.backpack_tier4,军用背包,軍用揹包,Армейский рюкзак
item.backpack_tier5,碳纤维框架背包,碳纖維框架揹包,Рюкзак с карбоновой рамой
item.backpack_tier1.desc,大鸡蛋形背包。将背包容量扩展至 50 格。,大雞蛋形揹包。將揹包容量擴展至 50 格。,Большой рюкзак в форме яйца. Увеличивает инвентарь до 50 ячеек.
item.backpack_tier2.desc,圆滚滚的小鸡背包。将背包容量扩展至 60 格。,圓滾滾的小雞揹包。將揹包容量擴展至 60 格。,Круглый рюкзак в форме курицы. Увеличивает инвентарь до 60 ячеек.
item.backpack_tier3.desc,背着仰望天空、紧咬牙关的恐龙。将背包容量扩展至 80 格。,揹着仰望天空、緊咬牙關的恐龍。將揹包容量擴展至 80 格。,"Рюкзак с динозавром, который смотрит в небо и сжимает зубы. Увеличивает инвентарь до 80 ячеек."
item.backpack_tier4.desc,简单坚固的军用背包。将背包容量扩展至 100 格。,簡單堅固的軍用揹包。將揹包容量擴展至 100 格。,Простой и прочный армейский рюкзак. Увеличивает инвентарь до 100 ячеек.
item.backpack_tier5.desc,由轻质碳纤维框架支撑的大背包。将背包容量扩展至 120 格。,由輕質碳纖維框架支撐的大揹包。將揹包容量擴展至 120 格。,Большой рюкзак с лёгкой карбоновой рамой. Увеличивает инвентарь до 120 ячеек.
item.wood,木材,木材,Древесина
item.wood.desc,从伐木机上取得的粗糙木材。,從伐木機上取得的粗糙木材。,"Необработанная древесина, добытая из лесоруба."
item.blueprint_king_water_bottle,蓝图：王之瓶装水,藍圖：王之瓶裝水,Чертёж: королевская вода
item.blueprint_king_water_bottle.desc,可解锁王之瓶装水制作配方的蓝图。,可解鎖王之瓶裝水製作配方的藍圖。,"Чертёж, открывающий рецепт королевской воды."
item.ancient_coin,古文明硬币,古文明硬幣,Монета древней цивилизации
item.ancient_coin.desc,印有火箭形塔楼浮雕的古老硬币。因为常与王国纸币一同出土，偶尔被误认为宗教团体的遗物。,印有火箭形塔樓浮雕的古老硬幣。因爲常與王國紙幣一同出土，偶爾被誤認爲宗教團體的遺物。,Старинная монета с рельефом башни в форме ракеты. Из-за найденных рядом банкнот Королевства её иногда принимают за религиозную реликвию.
item.ancient_banknote,古文明纸币,古文明紙幣,Банкнота древней цивилизации
item.ancient_banknote.desc,被称为王国纸币的古老钞票。由于印有圆头人形的简单剪影，偶尔被误认为宗教团体的标志。,被稱爲王國紙幣的古老鈔票。由於印有圓頭人形的簡單剪影，偶爾被誤認爲宗教團體的標誌。,"Старинная купюра, известная как банкнота Королевства. Простой силуэт человека с круглой головой иногда принимают за символ религиозной группы."
item.crowbar,撬棍,撬棍,Лом
item.crowbar.desc,结实的撬棍，也可用作近战武器。能清除取水滤网上的水草和杂物。,結實的撬棍，也可用作近戰武器。能清除取水濾網上的水草和雜物。,Прочный лом можно использовать как оружие ближнего боя и для очистки водозаборной сетки от водорослей и мусора.
item.replacement_valve_handle,备用阀门手柄,備用閥門手柄,Запасная рукоятка клапана
item.replacement_valve_handle.desc,适用于取水设施损坏阀门的备用手柄。,適用於取水設施損壞閥門的備用手柄。,Запасная рукоятка для сломанного клапана водозабора.
item.waterproof_tape,防水胶带,防水膠帶,Водостойкая лента
item.waterproof_tape.desc,可暂时封住地堡漏水管道的厚实防水胶带。,可暫時封住地堡漏水管道的厚實防水膠帶。,Плотная водостойкая лента для временной герметизации протекающей трубы в бункере.
container.lumber_crate,木材箱,木材箱,Ящик с древесиной
container.developer_crate,开发者箱,開發者箱,Ящик разработчика
container.north_crate,北侧箱子,北側箱子,Северный ящик
item.rifle_incendiary_ammo,步枪燃烧弹,步槍燃燒彈,Зажигательные патроны для винтовки
item.rifle_incendiary_ammo.desc,点燃敌人，每秒造成 2 点伤害，共触发 5 次。武器和弹药研究可提高持续时间与伤害。,點燃敵人，每秒造成 2 點傷害，共觸發 5 次。武器和彈藥研究可提高持續時間與傷害。,Поджигает врага и наносит по 2 урона раз в секунду 5 раз. Исследования оружия и патронов увеличивают длительность и урон.
