source_before_cleanup,referenced_tracked_asset,asset_role
TunaSweeper/Source/TunaSweeperEditor/Private/TunaSweeperBoilingPotSetup.cpp,TunaSweeper/Content/Effects/NS_ExplosiveBarrel_SmokeLight.uasset,output_or_input_reference
TunaSweeper/Source/TunaSweeperEditor/Private/TunaSweeperBoilingPotSetup.cpp,TunaSweeper/Content/Environment/Props/BoilingPot/BP_BoilingPot.uasset,output_or_input_reference
TunaSweeper/Source/TunaSweeperEditor/Private/TunaSweeperBoilingPotSetup.cpp,TunaSweeper/Content/Environment/Props/BoilingPot/M_BoilingPot_Enamel.uasset,output_or_input_reference
TunaSweeper/Source/TunaSweeperEditor/Private/TunaSweeperBoilingPotSetup.cpp,TunaSweeper/Content/Environment/Props/BoilingPot/M_BoilingPot_SteamWhite.uasset,output_or_input_reference
TunaSweeper/Source/TunaSweeperEditor/Private/TunaSweeperBoilingPotSetup.cpp,TunaSweeper/Content/Environment/Props/BoilingPot/NS_BoilingPot_Steam.uasset,output_or_input_reference
TunaSweeper/Source/TunaSweeperEditor/Private/TunaSweeperBoilingPotSetup.cpp,TunaSweeper/Content/Environment/Props/BoilingPot/SM_BoilingPot_Body.uasset,output_or_input_reference
TunaSweeper/Source/TunaSweeperEditor/Private/TunaSweeperBoilingPotSetup.cpp,TunaSweeper/Content/Environment/Props/BoilingPot/SM_BoilingPot_Lid.uasset,output_or_input_reference
TunaSweeper/Source/TunaSweeperEditor/Private/TunaSweeperBoilingPotSetup.cpp,TunaSweeper/Content/Environment/Props/BoilingPot/T_BoilingPot_Enamel.uasset,output_or_input_reference
TunaSweeper/Source/TunaSweeperEditor/Private/TunaSweeperBoilingPotSetup.cpp,TunaSweeper/Content/Environment/Props/BoilingPot/T_BoilingPot_SteamOpacity.uasset,output_or_input_reference
TunaSweeper/Source/TunaSweeperEditor/Private/TunaSweeperCrowbarWallRackSetup.cpp,TunaSweeper/Content/Interaction/BP_CrowbarWallRack.uasset,output_or_input_reference
TunaSweeper/Source/TunaSweeperEditor/Private/TunaSweeperEditorOneShot_ToCleanupOnExplicitRequest.cpp,TunaSweeper/Content/MainRaid/RaidMap.umap,output_or_input_reference
TunaSweeper/Source/TunaSweeperEditor/Private/TunaSweeperEditorSetupCore.cpp,TunaSweeper/Content/AI/Cover/BP_TunaSweeperCoverPoint.uasset,output_or_input_reference
TunaSweeper/Source/TunaSweeperEditor/Private/TunaSweeperEditorSetupCore.cpp,TunaSweeper/Content/AXTemp/SM_Apple.uasset,output_or_input_reference
TunaSweeper/Source/TunaSweeperEditor/Private/TunaSweeperEditorSetupCore.cpp,TunaSweeper/Content/Audio/Imported/SW_Footstep_Basic.uasset,output_or_input_reference
TunaSweeper/Source/TunaSweeperEditor/Private/TunaSweeperEditorSetupCore.cpp,TunaSweeper/Content/Audio/Imported/SW_Gun_Trigger.uasset,output_or_input_reference
TunaSweeper/Source/TunaSweeperEditor/Private/TunaSweeperEditorSetupCore.cpp,TunaSweeper/Content/Audio/SFX/Weapons/SFX_Rifle_Fire_FM.uasset,output_or_input_reference
TunaSweeper/Source/TunaSweeperEditor/Private/TunaSweeperEditorSetupCore.cpp,TunaSweeper/Content/Audio/SFX/Weapons/SFX_Rifle_ReloadComplete_FM.uasset,output_or_input_reference
TunaSweeper/Source/TunaSweeperEditor/Private/TunaSweeperEditorSetupCore.cpp,TunaSweeper/Content/Audio/SFX/Weapons/SFX_Rifle_ReloadStart_FM.uasset,output_or_input_reference
TunaSweeper/Source/TunaSweeperEditor/Private/TunaSweeperEditorSetupCore.cpp,TunaSweeper/Content/BallisticsVFX/Particles/Impacts/DynamicImpacts/_generic/NS_SizzleImpact_Liquid.uasset,output_or_input_reference
TunaSweeper/Source/TunaSweeperEditor/Private/TunaSweeperEditorSetupCore.cpp,TunaSweeper/Content/BallisticsVFX/Particles/Muzzle/MuzzleFlash/NS_Muzzle_Flash_Med2.uasset,output_or_input_reference
TunaSweeper/Source/TunaSweeperEditor/Private/TunaSweeperEditorSetupCore.cpp,TunaSweeper/Content/Characters/Enemy/BP_TunaSweeperEnemy.uasset,output_or_input_reference
TunaSweeper/Source/TunaSweeperEditor/Private/TunaSweeperEditorSetupCore.cpp,TunaSweeper/Content/Characters/Enemy/M_EnemySensorDebug.uasset,output_or_input_reference
TunaSweeper/Source/TunaSweeperEditor/Private/TunaSweeperEditorSetupCore.cpp,TunaSweeper/Content/Characters/Enemy/M_Enemy_Blue.uasset,output_or_input_reference
TunaSweeper/Source/TunaSweeperEditor/Private/TunaSweeperEditorSetupCore.cpp,TunaSweeper/Content/Characters/Enemy/M_Enemy_Green.uasset,output_or_input_reference
TunaSweeper/Source/TunaSweeperEditor/Private/TunaSweeperEditorSetupCore.cpp,TunaSweeper/Content/Characters/Enemy/M_Enemy_Red.uasset,output_or_input_reference
TunaSweeper/Source/TunaSweeperEditor/Private/TunaSweeperEditorSetupCore.cpp,TunaSweeper/Content/Characters/Enemy/M_Enemy_Sightline.uasset,output_or_input_reference
TunaSweeper/Source/TunaSweeperEditor/Private/TunaSweeperEditorSetupCore.cpp,TunaSweeper/Content/Characters/Enemy/M_RollingBomberBodyGray.uasset,output_or_input_reference
TunaSweeper/Source/TunaSweeperEditor/Private/TunaSweeperEditorSetupCore.cpp,TunaSweeper/Content/Characters/Enemy/M_RollingBomberLegMetal.uasset,output_or_input_reference
TunaSweeper/Source/TunaSweeperEditor/Private/TunaSweeperEditorSetupCore.cpp,TunaSweeper/Content/Characters/Enemy/SM_Enemy_VoxelBody.uasset,output_or_input_reference
TunaSweeper/Source/TunaSweeperEditor/Private/TunaSweeperEditorSetupCore.cpp,TunaSweeper/Content/Characters/Enemy/SM_Enemy_VoxelForwardMarker.uasset,output_or_input_reference
TunaSweeper/Source/TunaSweeperEditor/Private/TunaSweeperEditorSetupCore.cpp,TunaSweeper/Content/Characters/Mole/BP_Mole.uasset,output_or_input_reference
TunaSweeper/Source/TunaSweeperEditor/Private/TunaSweeperEditorSetupCore.cpp,TunaSweeper/Content/Characters/Player/AudioVisual/DA_PlayerFootstepPresentation.uasset,output_or_input_reference
TunaSweeper/Source/TunaSweeperEditor/Private/TunaSweeperEditorSetupCore.cpp,TunaSweeper/Content/Characters/Player/BP_TunaSweeperPlayerCharacter.uasset,output_or_input_reference
TunaSweeper/Source/TunaSweeperEditor/Private/TunaSweeperEditorSetupCore.cpp,TunaSweeper/Content/Core/BP_TunaSweeperGameInstance.uasset,output_or_input_reference
TunaSweeper/Source/TunaSweeperEditor/Private/TunaSweeperEditorSetupCore.cpp,TunaSweeper/Content/Core/BP_TunaSweeperGameMode.uasset,output_or_input_reference
TunaSweeper/Source/TunaSweeperEditor/Private/TunaSweeperEditorSetupCore.cpp,TunaSweeper/Content/Effects/BP_ProjectileHit_RedBurst.uasset,output_or_input_reference
TunaSweeper/Source/TunaSweeperEditor/Private/TunaSweeperEditorSetupCore.cpp,TunaSweeper/Content/Effects/DA_ProjectileHitEffects.uasset,output_or_input_reference
TunaSweeper/Source/TunaSweeperEditor/Private/TunaSweeperEditorSetupCore.cpp,TunaSweeper/Content/Effects/M_LedExpression_VertexColorEmissive.uasset,output_or_input_reference
TunaSweeper/Source/TunaSweeperEditor/Private/TunaSweeperEditorSetupCore.cpp,TunaSweeper/Content/Effects/M_LumberjackMeleeSwingArc.uasset,output_or_input_reference
TunaSweeper/Source/TunaSweeperEditor/Private/TunaSweeperEditorSetupCore.cpp,TunaSweeper/Content/Effects/NS_ExplosiveBarrel_Burning.uasset,output_or_input_reference
TunaSweeper/Source/TunaSweeperEditor/Private/TunaSweeperEditorSetupCore.cpp,TunaSweeper/Content/Effects/NS_ExplosiveBarrel_SmokeHeavy.uasset,output_or_input_reference
TunaSweeper/Source/TunaSweeperEditor/Private/TunaSweeperEditorSetupCore.cpp,TunaSweeper/Content/Effects/NS_ExplosiveBarrel_SmokeLight.uasset,output_or_input_reference
TunaSweeper/Source/TunaSweeperEditor/Private/TunaSweeperEditorSetupCore.cpp,TunaSweeper/Content/Effects/NS_Tomato_StickySplatter.uasset,output_or_input_reference
TunaSweeper/Source/TunaSweeperEditor/Private/TunaSweeperEditorSetupCore.cpp,TunaSweeper/Content/Effects/SM_LumberjackMeleeSwingArc.uasset,output_or_input_reference
TunaSweeper/Source/TunaSweeperEditor/Private/TunaSweeperEditorSetupCore.cpp,TunaSweeper/Content/FX/NS_ExtractionSmoke.uasset,output_or_input_reference
TunaSweeper/Source/TunaSweeperEditor/Private/TunaSweeperEditorSetupCore.cpp,TunaSweeper/Content/Input/IA_Aim.uasset,output_or_input_reference
TunaSweeper/Source/TunaSweeperEditor/Private/TunaSweeperEditorSetupCore.cpp,TunaSweeper/Content/Input/IA_AmmoFocus.uasset,output_or_input_reference
TunaSweeper/Source/TunaSweeperEditor/Private/TunaSweeperEditorSetupCore.cpp,TunaSweeper/Content/Input/IA_AmmoSelect.uasset,output_or_input_reference
TunaSweeper/Source/TunaSweeperEditor/Private/TunaSweeperEditorSetupCore.cpp,TunaSweeper/Content/Input/IA_CameraMode.uasset,output_or_input_reference
TunaSweeper/Source/TunaSweeperEditor/Private/TunaSweeperEditorSetupCore.cpp,TunaSweeper/Content/Input/IA_Drop.uasset,output_or_input_reference
TunaSweeper/Source/TunaSweeperEditor/Private/TunaSweeperEditorSetupCore.cpp,TunaSweeper/Content/Input/IA_Fire.uasset,output_or_input_reference
TunaSweeper/Source/TunaSweeperEditor/Private/TunaSweeperEditorSetupCore.cpp,TunaSweeper/Content/Input/IA_Interact.uasset,output_or_input_reference
TunaSweeper/Source/TunaSweeperEditor/Private/TunaSweeperEditorSetupCore.cpp,TunaSweeper/Content/Input/IA_InteractionFocus.uasset,output_or_input_reference
TunaSweeper/Source/TunaSweeperEditor/Private/TunaSweeperEditorSetupCore.cpp,TunaSweeper/Content/Input/IA_Inventory.uasset,output_or_input_reference
TunaSweeper/Source/TunaSweeperEditor/Private/TunaSweeperEditorSetupCore.cpp,TunaSweeper/Content/Input/IA_Jump.uasset,output_or_input_reference
TunaSweeper/Source/TunaSweeperEditor/Private/TunaSweeperEditorSetupCore.cpp,TunaSweeper/Content/Input/IA_Map.uasset,output_or_input_reference
TunaSweeper/Source/TunaSweeperEditor/Private/TunaSweeperEditorSetupCore.cpp,TunaSweeper/Content/Input/IA_MeleeQuickSlot.uasset,output_or_input_reference
TunaSweeper/Source/TunaSweeperEditor/Private/TunaSweeperEditorSetupCore.cpp,TunaSweeper/Content/Input/IA_Move.uasset,output_or_input_reference
TunaSweeper/Source/TunaSweeperEditor/Private/TunaSweeperEditorSetupCore.cpp,TunaSweeper/Content/Input/IA_Reload.uasset,output_or_input_reference
TunaSweeper/Source/TunaSweeperEditor/Private/TunaSweeperEditorSetupCore.cpp,TunaSweeper/Content/Input/IA_Roll.uasset,output_or_input_reference
TunaSweeper/Source/TunaSweeperEditor/Private/TunaSweeperEditorSetupCore.cpp,TunaSweeper/Content/Input/IA_Sprint.uasset,output_or_input_reference
TunaSweeper/Source/TunaSweeperEditor/Private/TunaSweeperEditorSetupCore.cpp,TunaSweeper/Content/Input/IA_ToggleEnemyCombatDebug.uasset,output_or_input_reference
TunaSweeper/Source/TunaSweeperEditor/Private/TunaSweeperEditorSetupCore.cpp,TunaSweeper/Content/Input/IMC_Player.uasset,output_or_input_reference
TunaSweeper/Source/TunaSweeperEditor/Private/TunaSweeperEditorSetupCore.cpp,TunaSweeper/Content/Interaction/BP_BreakableAppleCrate.uasset,output_or_input_reference
TunaSweeper/Source/TunaSweeperEditor/Private/TunaSweeperEditorSetupCore.cpp,TunaSweeper/Content/Interaction/BP_BreakableTomato.uasset,output_or_input_reference
TunaSweeper/Source/TunaSweeperEditor/Private/TunaSweeperEditorSetupCore.cpp,TunaSweeper/Content/Interaction/BP_CookableChicken.uasset,output_or_input_reference
TunaSweeper/Source/TunaSweeperEditor/Private/TunaSweeperEditorSetupCore.cpp,TunaSweeper/Content/Interaction/BP_CrateFragment.uasset,output_or_input_reference
TunaSweeper/Source/TunaSweeperEditor/Private/TunaSweeperEditorSetupCore.cpp,TunaSweeper/Content/Interaction/BP_ExplosiveBarrel.uasset,output_or_input_reference
TunaSweeper/Source/TunaSweeperEditor/Private/TunaSweeperEditorSetupCore.cpp,TunaSweeper/Content/Interaction/BP_PhysicsApple.uasset,output_or_input_reference
TunaSweeper/Source/TunaSweeperEditor/Private/TunaSweeperEditorSetupCore.cpp,TunaSweeper/Content/Interaction/GC_CrateB_Fractured.uasset,output_or_input_reference
TunaSweeper/Source/TunaSweeperEditor/Private/TunaSweeperEditorSetupCore.cpp,TunaSweeper/Content/Interaction/GC_Tomato_Fractured.uasset,output_or_input_reference
TunaSweeper/Source/TunaSweeperEditor/Private/TunaSweeperEditorSetupCore.cpp,TunaSweeper/Content/Interaction/M_Container_Cardboard.uasset,output_or_input_reference
TunaSweeper/Source/TunaSweeperEditor/Private/TunaSweeperEditorSetupCore.cpp,TunaSweeper/Content/Interaction/M_Container_Metal.uasset,output_or_input_reference
TunaSweeper/Source/TunaSweeperEditor/Private/TunaSweeperEditorSetupCore.cpp,TunaSweeper/Content/Interaction/M_Container_Supply.uasset,output_or_input_reference
TunaSweeper/Source/TunaSweeperEditor/Private/TunaSweeperEditorSetupCore.cpp,TunaSweeper/Content/Interaction/M_Container_Wood.uasset,output_or_input_reference
TunaSweeper/Source/TunaSweeperEditor/Private/TunaSweeperEditorSetupCore.cpp,TunaSweeper/Content/Interaction/M_ExplosiveBarrel_DamageRadius.uasset,output_or_input_reference
TunaSweeper/Source/TunaSweeperEditor/Private/TunaSweeperEditorSetupCore.cpp,TunaSweeper/Content/Interaction/SM_Bridge_Broken_Voxel.uasset,output_or_input_reference
TunaSweeper/Source/TunaSweeperEditor/Private/TunaSweeperEditorSetupCore.cpp,TunaSweeper/Content/Interaction/SM_Bridge_Repaired_Voxel.uasset,output_or_input_reference
TunaSweeper/Source/TunaSweeperEditor/Private/TunaSweeperEditorSetupCore.cpp,TunaSweeper/Content/Interaction/SM_LevelTravel_Ladder.uasset,output_or_input_reference
TunaSweeper/Source/TunaSweeperEditor/Private/TunaSweeperEditorSetupCore.cpp,TunaSweeper/Content/Maps/IntroMap.umap,output_or_input_reference
TunaSweeper/Source/TunaSweeperEditor/Private/TunaSweeperEditorSetupCore.cpp,TunaSweeper/Content/Meshes/Props/Apple/SM_Apple.uasset,output_or_input_reference
TunaSweeper/Source/TunaSweeperEditor/Private/TunaSweeperEditorSetupCore.cpp,TunaSweeper/Content/Meshes/Props/SM_Apple.uasset,output_or_input_reference
TunaSweeper/Source/TunaSweeperEditor/Private/TunaSweeperEditorSetupCore.cpp,TunaSweeper/Content/Meshes/Props/TomatoHead/Materials/M_TomatoFlesh_Interior.uasset,output_or_input_reference
TunaSweeper/Source/TunaSweeperEditor/Private/TunaSweeperEditorSetupCore.cpp,TunaSweeper/Content/Meshes/Props/TomatoHead/Materials/M_TomatoGooParticle.uasset,output_or_input_reference
TunaSweeper/Source/TunaSweeperEditor/Private/TunaSweeperEditorSetupCore.cpp,TunaSweeper/Content/Meshes/Props/TomatoHead/Materials/M_TomatoGooSplat.uasset,output_or_input_reference
TunaSweeper/Source/TunaSweeperEditor/Private/TunaSweeperEditorSetupCore.cpp,TunaSweeper/Content/Meshes/Props/TomatoHead/SM_Tomato.uasset,output_or_input_reference
TunaSweeper/Source/TunaSweeperEditor/Private/TunaSweeperEditorSetupCore.cpp,TunaSweeper/Content/Meshes/Props/TomatoHead/Textures/T_TomatoFlesh.uasset,output_or_input_reference
TunaSweeper/Source/TunaSweeperEditor/Private/TunaSweeperEditorSetupCore.cpp,TunaSweeper/Content/Nature/Wood/SM_CrateB.uasset,output_or_input_reference
TunaSweeper/Source/TunaSweeperEditor/Private/TunaSweeperEditorSetupCore.cpp,TunaSweeper/Content/Physics/PhysicalMaterials/PM_Dirt.uasset,output_or_input_reference
TunaSweeper/Source/TunaSweeperEditor/Private/TunaSweeperEditorSetupCore.cpp,TunaSweeper/Content/Physics/PhysicalMaterials/PM_Flesh.uasset,output_or_input_reference
TunaSweeper/Source/TunaSweeperEditor/Private/TunaSweeperEditorSetupCore.cpp,TunaSweeper/Content/Physics/PhysicalMaterials/PM_Metal.uasset,output_or_input_reference
TunaSweeper/Source/TunaSweeperEditor/Private/TunaSweeperEditorSetupCore.cpp,TunaSweeper/Content/Physics/PhysicalMaterials/PM_Stone.uasset,output_or_input_reference
TunaSweeper/Source/TunaSweeperEditor/Private/TunaSweeperEditorSetupCore.cpp,TunaSweeper/Content/Physics/PhysicalMaterials/PM_Water.uasset,output_or_input_reference
TunaSweeper/Source/TunaSweeperEditor/Private/TunaSweeperEditorSetupCore.cpp,TunaSweeper/Content/Physics/PhysicalMaterials/PM_Wood.uasset,output_or_input_reference
TunaSweeper/Source/TunaSweeperEditor/Private/TunaSweeperEditorSetupCore.cpp,TunaSweeper/Content/Prototype/M_Voxel_VertexColor.uasset,output_or_input_reference
TunaSweeper/Source/TunaSweeperEditor/Private/TunaSweeperEditorSetupCore.cpp,TunaSweeper/Content/Weapons/AudioVisual/DA_EnemyWeaponPresentation_Fallback.uasset,output_or_input_reference
TunaSweeper/Source/TunaSweeperEditor/Private/TunaSweeperEditorSetupCore.cpp,TunaSweeper/Content/Weapons/AudioVisual/DA_WeaponPresentation_Rifle.uasset,output_or_input_reference
TunaSweeper/Source/TunaSweeperEditor/Private/TunaSweeperEditorSetupCore.cpp,TunaSweeper/Content/Weapons/BP_AssaultRifle.uasset,output_or_input_reference
TunaSweeper/Source/TunaSweeperEditor/Private/TunaSweeperEditorSetupCore.cpp,TunaSweeper/Content/Weapons/BP_TunaSweeperProjectile.uasset,output_or_input_reference
TunaSweeper/Source/TunaSweeperEditor/Private/TunaSweeperEditorSetupCore.cpp,TunaSweeper/Content/Weapons/BP_TunaSweeperWeapon.uasset,output_or_input_reference
TunaSweeper/Source/TunaSweeperEditor/Private/TunaSweeperEditorSetupCore.cpp,TunaSweeper/Content/Weapons/DA_WeaponSpreadRecoil.uasset,output_or_input_reference
TunaSweeper/Source/TunaSweeperEditor/Private/TunaSweeperEditorSetupCore.cpp,TunaSweeper/Content/Weapons/Effects/M_WeaponShellCasing_Brass.uasset,output_or_input_reference
TunaSweeper/Source/TunaSweeperEditor/Private/TunaSweeperEditorSetupCore.cpp,TunaSweeper/Content/Weapons/Effects/SM_WeaponShellCasing.uasset,output_or_input_reference
TunaSweeper/Source/TunaSweeperEditor/Private/TunaSweeperEditorSetupCore.cpp,TunaSweeper/Content/Weapons/M_BaseballBat_Wood.uasset,output_or_input_reference
TunaSweeper/Source/TunaSweeperEditor/Private/TunaSweeperEditorSetupCore.cpp,TunaSweeper/Content/Weapons/SM_BaseballBat.uasset,output_or_input_reference
TunaSweeper/Source/TunaSweeperEditor/Private/TunaSweeperEditorSetupCore.cpp,TunaSweeper/Content/Weapons/T_BaseballBat_WoodGrain.uasset,output_or_input_reference
TunaSweeper/Source/TunaSweeperEditor/Private/TunaSweeperEditorSetupEffects.cpp,TunaSweeper/Content/EditorOnly/Lookdev/Lookdev_NiagaraExplosion.umap,output_or_input_reference
TunaSweeper/Source/TunaSweeperEditor/Private/TunaSweeperEditorSetupEffects.cpp,TunaSweeper/Content/EditorOnly/Lookdev/M_LookdevExplosionFloor.uasset,output_or_input_reference
TunaSweeper/Source/TunaSweeperEditor/Private/TunaSweeperEditorSetupEffects.cpp,TunaSweeper/Content/EditorOnly/Lookdev/NS_LookdevFluidExplosion_HighCost.uasset,output_or_input_reference
TunaSweeper/Source/TunaSweeperEditor/Private/TunaSweeperEditorSetupEffects.cpp,TunaSweeper/Content/Effects/M_LocalExplosionDistortion.uasset,output_or_input_reference
TunaSweeper/Source/TunaSweeperEditor/Private/TunaSweeperEditorSetupEffects.cpp,TunaSweeper/Content/Effects/M_LocalExplosionFlipbook.uasset,output_or_input_reference
TunaSweeper/Source/TunaSweeperEditor/Private/TunaSweeperEditorSetupEffects.cpp,TunaSweeper/Content/Effects/M_LocalExplosionSmoke.uasset,output_or_input_reference
TunaSweeper/Source/TunaSweeperEditor/Private/TunaSweeperEditorSetupEffects.cpp,TunaSweeper/Content/Effects/M_RollingBomberChargeCylinder.uasset,output_or_input_reference
TunaSweeper/Source/TunaSweeperEditor/Private/TunaSweeperEditorSetupEffects.cpp,TunaSweeper/Content/Effects/NS_ExtractionSmokeSignal.uasset,output_or_input_reference
TunaSweeper/Source/TunaSweeperEditor/Private/TunaSweeperEditorSetupEffects.cpp,TunaSweeper/Content/Effects/SM_RollingBomberChargeCylinder_Open.uasset,output_or_input_reference
TunaSweeper/Source/TunaSweeperEditor/Private/TunaSweeperEditorSetupEffects.cpp,TunaSweeper/Content/Effects/T_EnemyDeathStrawberry.uasset,output_or_input_reference
TunaSweeper/Source/TunaSweeperEditor/Private/TunaSweeperEditorSetupEffects.cpp,TunaSweeper/Content/Effects/T_LocalExplosionFlipbook.uasset,output_or_input_reference
TunaSweeper/Source/TunaSweeperEditor/Private/TunaSweeperEditorSetupEffects.cpp,TunaSweeper/Content/Effects/T_RollingBomberChargeCylinderMask.uasset,output_or_input_reference
TunaSweeper/Source/TunaSweeperEditor/Private/TunaSweeperEditorSetupEffects.cpp,TunaSweeper/Content/Interaction/BP_SandbagCover.uasset,output_or_input_reference
TunaSweeper/Source/TunaSweeperEditor/Private/TunaSweeperEditorSetupEffects.cpp,TunaSweeper/Content/Interaction/M_MemoStorageDevice.uasset,output_or_input_reference
TunaSweeper/Source/TunaSweeperEditor/Private/TunaSweeperEditorSetupEffects.cpp,TunaSweeper/Content/Interaction/M_RollingBomberSpawner_Mechanic.uasset,output_or_input_reference
TunaSweeper/Source/TunaSweeperEditor/Private/TunaSweeperEditorSetupEffects.cpp,TunaSweeper/Content/Interaction/M_SandbagCover_Burlap.uasset,output_or_input_reference
TunaSweeper/Source/TunaSweeperEditor/Private/TunaSweeperEditorSetupEffects.cpp,TunaSweeper/Content/Interaction/M_SandbagCover_OverlayOutline.uasset,output_or_input_reference
TunaSweeper/Source/TunaSweeperEditor/Private/TunaSweeperEditorSetupEffects.cpp,TunaSweeper/Content/Interaction/SM_Sandbag_LowPoly.uasset,output_or_input_reference
TunaSweeper/Source/TunaSweeperEditor/Private/TunaSweeperEditorSetupEffects.cpp,TunaSweeper/Content/Interaction/T_MemoStorageDevice.uasset,output_or_input_reference
TunaSweeper/Source/TunaSweeperEditor/Private/TunaSweeperEditorSetupEffects.cpp,TunaSweeper/Content/Interaction/T_RollingBomberSpawner_Mechanic.uasset,output_or_input_reference
TunaSweeper/Source/TunaSweeperEditor/Private/TunaSweeperEditorSetupEffects.cpp,TunaSweeper/Content/Interaction/T_SandbagCover_Burlap.uasset,output_or_input_reference
TunaSweeper/Source/TunaSweeperEditor/Private/TunaSweeperEditorSetupOcclusionReveal.cpp,TunaSweeper/Content/Effects/DA_OcclusionRevealSettings.uasset,output_or_input_reference
TunaSweeper/Source/TunaSweeperEditor/Private/TunaSweeperEditorSetupOcclusionReveal.cpp,TunaSweeper/Content/Effects/MPC_OcclusionReveal.uasset,output_or_input_reference
TunaSweeper/Source/TunaSweeperEditor/Private/TunaSweeperEditorSetupOcclusionReveal.cpp,TunaSweeper/Content/Effects/M_OcclusionRevealMasked.uasset,output_or_input_reference
TunaSweeper/Source/TunaSweeperEditor/Private/TunaSweeperEditorSetupOcclusionReveal.cpp,TunaSweeper/Content/Effects/M_OcclusionVerticalRevealMasked.uasset,output_or_input_reference
TunaSweeper/Source/TunaSweeperEditor/Private/TunaSweeperEditorSetupOcclusionReveal.cpp,TunaSweeper/Content/Environment/Occlusion/BP_OcclusionRevealBox.uasset,output_or_input_reference
TunaSweeper/Source/TunaSweeperEditor/Private/TunaSweeperEditorSetupOcclusionReveal.cpp,TunaSweeper/Content/Environment/Occlusion/BP_VerticalOcclusionContainer.uasset,output_or_input_reference
TunaSweeper/Source/TunaSweeperEditor/Private/TunaSweeperEditorSetupScratch.cpp,TunaSweeper/Content/Effects/M_PlayerScratchAfterimage.uasset,output_or_input_reference
TunaSweeper/Source/TunaSweeperEditor/Private/TunaSweeperEditorSetupScratch.cpp,TunaSweeper/Content/Effects/M_PlayerScratchRainbowOverlay.uasset,output_or_input_reference
TunaSweeper/Source/TunaSweeperEditor/Private/TunaSweeperEditorSetupScratch.cpp,TunaSweeper/Content/UI/M_UI_ScratchGauge.uasset,output_or_input_reference
TunaSweeper/Source/TunaSweeperEditor/Private/TunaSweeperEditorSetupScratch.cpp,TunaSweeper/Content/UI/WBP_HudBottomStatus.uasset,output_or_input_reference
TunaSweeper/Source/TunaSweeperEditor/Private/TunaSweeperEditorSetupWidgets.cpp,TunaSweeper/Content/UI/Icons/T_UIIcon_Bandage.uasset,output_or_input_reference
TunaSweeper/Source/TunaSweeperEditor/Private/TunaSweeperEditorSetupWidgets.cpp,TunaSweeper/Content/UI/Icons/T_UIIcon_CannedFood.uasset,output_or_input_reference
TunaSweeper/Source/TunaSweeperEditor/Private/TunaSweeperEditorSetupWidgets.cpp,TunaSweeper/Content/UI/Icons/T_UIIcon_CombatKnife.uasset,output_or_input_reference
TunaSweeper/Source/TunaSweeperEditor/Private/TunaSweeperEditorSetupWidgets.cpp,TunaSweeper/Content/UI/Icons/T_UIIcon_EnergyBar.uasset,output_or_input_reference
TunaSweeper/Source/TunaSweeperEditor/Private/TunaSweeperEditorSetupWidgets.cpp,TunaSweeper/Content/UI/Icons/T_UIIcon_FirstAidKit.uasset,output_or_input_reference
TunaSweeper/Source/TunaSweeperEditor/Private/TunaSweeperEditorSetupWidgets.cpp,TunaSweeper/Content/UI/Icons/T_UIIcon_Painkillers.uasset,output_or_input_reference
TunaSweeper/Source/TunaSweeperEditor/Private/TunaSweeperEditorSetupWidgets.cpp,TunaSweeper/Content/UI/Icons/T_UIIcon_Pistol.uasset,output_or_input_reference
TunaSweeper/Source/TunaSweeperEditor/Private/TunaSweeperEditorSetupWidgets.cpp,TunaSweeper/Content/UI/Icons/T_UIIcon_Rifle.uasset,output_or_input_reference
TunaSweeper/Source/TunaSweeperEditor/Private/TunaSweeperEditorSetupWidgets.cpp,TunaSweeper/Content/UI/Icons/T_UIIcon_WaterBottle.uasset,output_or_input_reference
TunaSweeper/Source/TunaSweeperEditor/Private/TunaSweeperEditorSetupWidgets.cpp,TunaSweeper/Content/UI/Icons/T_UI_Hud_Status_Heart.uasset,output_or_input_reference
TunaSweeper/Source/TunaSweeperEditor/Private/TunaSweeperEditorSetupWidgets.cpp,TunaSweeper/Content/UI/Icons/T_UI_Hud_Status_Meat.uasset,output_or_input_reference
TunaSweeper/Source/TunaSweeperEditor/Private/TunaSweeperEditorSetupWidgets.cpp,TunaSweeper/Content/UI/Icons/T_UI_Hud_Status_WaterDrop.uasset,output_or_input_reference
TunaSweeper/Source/TunaSweeperEditor/Private/TunaSweeperEditorSetupWidgets.cpp,TunaSweeper/Content/UI/Icons/T_UI_Mode_Inventory.uasset,output_or_input_reference
TunaSweeper/Source/TunaSweeperEditor/Private/TunaSweeperEditorSetupWidgets.cpp,TunaSweeper/Content/UI/Icons/T_UI_Mode_Map.uasset,output_or_input_reference
TunaSweeper/Source/TunaSweeperEditor/Private/TunaSweeperEditorSetupWidgets.cpp,TunaSweeper/Content/UI/Icons/T_UI_Mode_Memo.uasset,output_or_input_reference
TunaSweeper/Source/TunaSweeperEditor/Private/TunaSweeperEditorSetupWidgets.cpp,TunaSweeper/Content/UI/Icons/T_UI_Mode_Quest.uasset,output_or_input_reference
TunaSweeper/Source/TunaSweeperEditor/Private/TunaSweeperEditorSetupWidgets.cpp,TunaSweeper/Content/UI/M_UI_ScratchGauge.uasset,output_or_input_reference
TunaSweeper/Source/TunaSweeperEditor/Private/TunaSweeperEditorSetupWidgets.cpp,TunaSweeper/Content/UI/Title/tuna_sweeper_logo_transparent.uasset,output_or_input_reference
TunaSweeper/Source/TunaSweeperEditor/Private/TunaSweeperEditorSetupWidgets.cpp,TunaSweeper/Content/UI/WBP_GameHud.uasset,output_or_input_reference
TunaSweeper/Source/TunaSweeperEditor/Private/TunaSweeperEditorSetupWidgets.cpp,TunaSweeper/Content/UI/WBP_HudBottomStatus.uasset,output_or_input_reference
TunaSweeper/Source/TunaSweeperEditor/Private/TunaSweeperEditorSetupWidgets.cpp,TunaSweeper/Content/UI/WBP_HudDebuffBar.uasset,output_or_input_reference
TunaSweeper/Source/TunaSweeperEditor/Private/TunaSweeperEditorSetupWidgets.cpp,TunaSweeper/Content/UI/WBP_HudExternalPanel.uasset,output_or_input_reference
TunaSweeper/Source/TunaSweeperEditor/Private/TunaSweeperEditorSetupWidgets.cpp,TunaSweeper/Content/UI/WBP_HudInventoryArea.uasset,output_or_input_reference
TunaSweeper/Source/TunaSweeperEditor/Private/TunaSweeperEditorSetupWidgets.cpp,TunaSweeper/Content/UI/WBP_HudItemInfoPanel.uasset,output_or_input_reference
TunaSweeper/Source/TunaSweeperEditor/Private/TunaSweeperEditorSetupWidgets.cpp,TunaSweeper/Content/UI/WBP_HudQuickSlotBar.uasset,output_or_input_reference
TunaSweeper/Source/TunaSweeperEditor/Private/TunaSweeperEditorSetupWidgets.cpp,TunaSweeper/Content/UI/WBP_HudTopReserve.uasset,output_or_input_reference
TunaSweeper/Source/TunaSweeperEditor/Private/TunaSweeperEditorSetupWidgets.cpp,TunaSweeper/Content/UI/WBP_InteractionMarker.uasset,output_or_input_reference
TunaSweeper/Source/TunaSweeperEditor/Private/TunaSweeperEditorSetupWidgets.cpp,TunaSweeper/Content/UI/WBP_ItemThumbnailSlot.uasset,output_or_input_reference
TunaSweeper/Source/TunaSweeperEditor/Private/TunaSweeperEditorSetupWidgets.cpp,TunaSweeper/Content/UI/WBP_LootContainerPanel.uasset,output_or_input_reference
TunaSweeper/Source/TunaSweeperEditor/Private/TunaSweeperEditorSetupWidgets.cpp,TunaSweeper/Content/UI/WBP_ResearchNode.uasset,output_or_input_reference
TunaSweeper/Source/TunaSweeperEditor/Private/TunaSweeperEditorSetupWidgets.cpp,TunaSweeper/Content/UI/WBP_ResearchTree.uasset,output_or_input_reference
TunaSweeper/Source/TunaSweeperEditor/Private/TunaSweeperEditorSetupWidgets.cpp,TunaSweeper/Content/UI/WBP_ShopContainerPanel.uasset,output_or_input_reference
TunaSweeper/Source/TunaSweeperEditor/Private/TunaSweeperEditorSetupWidgets.cpp,TunaSweeper/Content/UI/WBP_StorageContainerPanel.uasset,output_or_input_reference
TunaSweeper/Source/TunaSweeperEditor/Private/TunaSweeperEditorSetupWidgets.cpp,TunaSweeper/Content/UI/WBP_WorkbenchPanel.uasset,output_or_input_reference
TunaSweeper/Source/TunaSweeperEditor/Private/TunaSweeperEditorSetupWidgets.cpp,TunaSweeper/Content/UI/WBP_WorkbenchRecipeListEntry.uasset,output_or_input_reference
TunaSweeper/Source/TunaSweeperEditor/Private/TunaSweeperEditorSetupWorld.cpp,TunaSweeper/Content/EditorOnly/MapCapture/BP_Editor_MapCaptureActor.uasset,output_or_input_reference
TunaSweeper/Source/TunaSweeperEditor/Private/TunaSweeperEditorSetupWorld.cpp,TunaSweeper/Content/Interaction/BP_Interact_ItemSpawn.uasset,output_or_input_reference
TunaSweeper/Source/TunaSweeperEditor/Private/TunaSweeperEditorSetupWorld.cpp,TunaSweeper/Content/Interaction/BP_Interact_LevelTravel.uasset,output_or_input_reference
TunaSweeper/Source/TunaSweeperEditor/Private/TunaSweeperEditorSetupWorld.cpp,TunaSweeper/Content/Interaction/BP_Interact_LootContainerSpawn.uasset,output_or_input_reference
TunaSweeper/Source/TunaSweeperEditor/Private/TunaSweeperEditorSetupWorld.cpp,TunaSweeper/Content/Interaction/BP_Interact_SelfDestruct.uasset,output_or_input_reference
TunaSweeper/Source/TunaSweeperEditor/Private/TunaSweeperEditorSetupWorld.cpp,TunaSweeper/Content/Interaction/BP_LootContainer.uasset,output_or_input_reference
TunaSweeper/Source/TunaSweeperEditor/Private/TunaSweeperEditorSetupWorld.cpp,TunaSweeper/Content/Interaction/BP_PickupItem.uasset,output_or_input_reference
TunaSweeper/Source/TunaSweeperEditor/Private/TunaSweeperEditorSetupWorld.cpp,TunaSweeper/Content/Interaction/BP_ResearchSinkInteraction.uasset,output_or_input_reference
TunaSweeper/Source/TunaSweeperEditor/Private/TunaSweeperEditorSetupWorld.cpp,TunaSweeper/Content/Interaction/BP_TransparentObstacle.uasset,output_or_input_reference
TunaSweeper/Source/TunaSweeperEditor/Private/TunaSweeperEditorSetupWorld.cpp,TunaSweeper/Content/Interaction/BP_WarpPoint.uasset,output_or_input_reference
TunaSweeper/Source/TunaSweeperEditor/Private/TunaSweeperEditorSetupWorld.cpp,TunaSweeper/Content/Interaction/BP_WorldProgress_BrokenBridge.uasset,output_or_input_reference
TunaSweeper/Source/TunaSweeperEditor/Private/TunaSweeperEditorSetupWorld.cpp,TunaSweeper/Content/Interaction/BP_WorldProgress_RepairedBridge.uasset,output_or_input_reference
TunaSweeper/Source/TunaSweeperEditor/Private/TunaSweeperEditorSetupWorld.cpp,TunaSweeper/Content/Interaction/M_WarpPointEnergy.uasset,output_or_input_reference
TunaSweeper/Source/TunaSweeperEditor/Private/TunaSweeperEditorSetupWorld.cpp,TunaSweeper/Content/Interaction/T_WarpPointNoise.uasset,output_or_input_reference
TunaSweeper/Source/TunaSweeperEditor/Private/TunaSweeperEditorSetupWorld.cpp,TunaSweeper/Content/MainRaid/RaidMap.umap,output_or_input_reference
TunaSweeper/Source/TunaSweeperEditor/Private/TunaSweeperEditorSetupWorld.cpp,TunaSweeper/Content/Maps/BunkerMap.umap,output_or_input_reference
TunaSweeper/Source/TunaSweeperEditor/Private/TunaSweeperEditorSetupWorld.cpp,TunaSweeper/Content/Maps/IntroMap.umap,output_or_input_reference
TunaSweeper/Source/TunaSweeperEditor/Private/TunaSweeperEditorSetupWorld.cpp,TunaSweeper/Content/Maps/OpeningScenarioMap.umap,output_or_input_reference
TunaSweeper/Source/TunaSweeperEditor/Private/TunaSweeperEditorSetupWorld.cpp,TunaSweeper/Content/Movies/DA_LevelTravelPresentation.uasset,output_or_input_reference
TunaSweeper/Source/TunaSweeperEditor/Private/TunaSweeperEditorSetupWorld.cpp,TunaSweeper/Content/Movies/MS_BunkerToRaid.uasset,output_or_input_reference
TunaSweeper/Source/TunaSweeperEditor/Private/TunaSweeperEditorSetupWorld.cpp,TunaSweeper/Content/UI/Title/BP_TitlePresentationActor.uasset,output_or_input_reference
TunaSweeper/Source/TunaSweeperEditor/Private/TunaSweeperEditorSetupWorld.cpp,TunaSweeper/Content/UI/WBP_InteractionMarker.uasset,output_or_input_reference
TunaSweeper/Source/TunaSweeperEditor/Private/TunaSweeperEditorSetupWorld.cpp,TunaSweeper/Content/UI/WBP_IntroMenu.uasset,output_or_input_reference
TunaSweeper/Source/TunaSweeperEditor/Private/TunaSweeperEditorSetupWorld.cpp,TunaSweeper/Content/UI/WBP_LevelTransitionVideo.uasset,output_or_input_reference
TunaSweeper/Source/TunaSweeperEditor/Private/TunaSweeperEditorSetupWorld.cpp,TunaSweeper/Content/UI/WBP_PickupItemIcon.uasset,output_or_input_reference
TunaSweeper/Source/TunaSweeperEditor/Private/TunaSweeperEditorSetupWorld.cpp,TunaSweeper/Content/UI/WBP_QuestInteraction.uasset,output_or_input_reference
TunaSweeper/Source/TunaSweeperEditor/Private/TunaSweeperEditorSetupWorld.cpp,TunaSweeper/Content/UI/WBP_QuestMenu.uasset,output_or_input_reference
TunaSweeper/Source/TunaSweeperEditor/Private/TunaSweeperEditorSetupWorld.cpp,TunaSweeper/Content/UI/WBP_SpeechBubble.uasset,output_or_input_reference
TunaSweeper/Source/TunaSweeperEditor/Private/TunaSweeperExperimentalVegetation.cpp,TunaSweeper/Content/Prototype/M_ExperimentalVegetation_VertexColor.uasset,output_or_input_reference
TunaSweeper/Source/TunaSweeperEditor/Private/TunaSweeperExperimentalVegetation.cpp,TunaSweeper/Content/Prototype/SM_ExperimentalVegetationTuft.uasset,output_or_input_reference
TunaSweeper/Source/TunaSweeperEditor/Private/TunaSweeperExperimentalVegetation.cpp,TunaSweeper/Content/Prototype/SM_ExperimentalVegetationTuft_AltBranches.uasset,output_or_input_reference
TunaSweeper/Source/TunaSweeperEditor/Private/TunaSweeperExperimentalVegetation.cpp,TunaSweeper/Content/Prototype/SM_ExperimentalVegetationTuft_Flowering.uasset,output_or_input_reference
TunaSweeper/Source/TunaSweeperEditor/Private/TunaSweeperExperimentalVegetation.cpp,TunaSweeper/Content/Prototype/SM_ExperimentalVegetationTuft_FloweringWhite.uasset,output_or_input_reference
TunaSweeper/Source/TunaSweeperEditor/Private/TunaSweeperExperimentalVegetation.cpp,TunaSweeper/Content/Prototype/SM_ExperimentalVegetationTuft_FloweringYellow.uasset,output_or_input_reference
TunaSweeper/Source/TunaSweeperEditor/Private/TunaSweeperExperimentalVegetation.cpp,TunaSweeper/Content/Prototype/T_ExperimentalVegetationImagegenPaint.uasset,output_or_input_reference
TunaSweeper/Source/TunaSweeperEditor/Private/TunaSweeperExperimentalVegetation.cpp,TunaSweeper/Content/Prototype/T_ExperimentalVegetationShapeAtlas.uasset,output_or_input_reference
TunaSweeper/Source/TunaSweeperEditor/Private/TunaSweeperGarageDoorSetup.cpp,TunaSweeper/Content/Environment/Bunker/GarageDoor/BP_RaidBunkerGarageDoor.uasset,output_or_input_reference
TunaSweeper/Source/TunaSweeperEditor/Private/TunaSweeperGarageDoorSetup.cpp,TunaSweeper/Content/Environment/Bunker/GarageDoor/Materials/M_GarageDoorLED.uasset,output_or_input_reference
TunaSweeper/Source/TunaSweeperEditor/Private/TunaSweeperGarageDoorSetup.cpp,TunaSweeper/Content/Environment/Bunker/GarageDoor/Materials/M_GarageDoorMetal.uasset,output_or_input_reference
TunaSweeper/Source/TunaSweeperEditor/Private/TunaSweeperGarageDoorSetup.cpp,TunaSweeper/Content/Environment/Bunker/GarageDoor/Meshes/SM_GarageDoor_CanopyRailLeft.uasset,output_or_input_reference
TunaSweeper/Source/TunaSweeperEditor/Private/TunaSweeperGarageDoorSetup.cpp,TunaSweeper/Content/Environment/Bunker/GarageDoor/Meshes/SM_GarageDoor_CanopyRailRight.uasset,output_or_input_reference
TunaSweeper/Source/TunaSweeperEditor/Private/TunaSweeperGarageDoorSetup.cpp,TunaSweeper/Content/Environment/Bunker/GarageDoor/Meshes/SM_GarageDoor_FrameLeft.uasset,output_or_input_reference
TunaSweeper/Source/TunaSweeperEditor/Private/TunaSweeperGarageDoorSetup.cpp,TunaSweeper/Content/Environment/Bunker/GarageDoor/Meshes/SM_GarageDoor_FrameRight.uasset,output_or_input_reference
TunaSweeper/Source/TunaSweeperEditor/Private/TunaSweeperGarageDoorSetup.cpp,TunaSweeper/Content/Environment/Bunker/GarageDoor/Meshes/SM_GarageDoor_FrameTop.uasset,output_or_input_reference
TunaSweeper/Source/TunaSweeperEditor/Private/TunaSweeperGarageDoorSetup.cpp,TunaSweeper/Content/Environment/Bunker/GarageDoor/Meshes/SM_GarageDoor_LEDBar.uasset,output_or_input_reference
TunaSweeper/Source/TunaSweeperEditor/Private/TunaSweeperGarageDoorSetup.cpp,TunaSweeper/Content/Environment/Bunker/GarageDoor/Meshes/SM_GarageDoor_LowerEmbeddedPanel.uasset,output_or_input_reference
TunaSweeper/Source/TunaSweeperEditor/Private/TunaSweeperGarageDoorSetup.cpp,TunaSweeper/Content/Environment/Bunker/GarageDoor/Meshes/SM_GarageDoor_TemporaryRoof.uasset,output_or_input_reference
TunaSweeper/Source/TunaSweeperEditor/Private/TunaSweeperGarageDoorSetup.cpp,TunaSweeper/Content/Environment/Bunker/GarageDoor/Meshes/SM_GarageDoor_TemporaryWallLeft.uasset,output_or_input_reference
TunaSweeper/Source/TunaSweeperEditor/Private/TunaSweeperGarageDoorSetup.cpp,TunaSweeper/Content/Environment/Bunker/GarageDoor/Meshes/SM_GarageDoor_TemporaryWallRight.uasset,output_or_input_reference
TunaSweeper/Source/TunaSweeperEditor/Private/TunaSweeperGarageDoorSetup.cpp,TunaSweeper/Content/Environment/Bunker/GarageDoor/Meshes/SM_GarageDoor_UpperPanel.uasset,output_or_input_reference
TunaSweeper/Source/TunaSweeperEditor/Private/TunaSweeperGarageDoorSetup.cpp,TunaSweeper/Content/Environment/Bunker/GarageDoor/Textures/T_GarageDoor_PartsAtlas_BaseColor.uasset,output_or_input_reference
TunaSweeper/Source/TunaSweeperEditor/Private/TunaSweeperLocationBlendCameraSetup.cpp,TunaSweeper/Content/Camera/BP_LocationBlendCamera.uasset,output_or_input_reference
TunaSweeper/Source/TunaSweeperEditor/Private/TunaSweeperLunaMk2SideTailPhysicsSetup.cpp,TunaSweeper/Content/Characters/Player/LunaMk2/Animations/ABP_LunaMk2.uasset,output_or_input_reference
TunaSweeper/Source/TunaSweeperEditor/Private/TunaSweeperLunaMk2SideTailPhysicsSetup.cpp,TunaSweeper/Content/Characters/Player/LunaMk2/PA_LunaMk2_SideTail.uasset,output_or_input_reference
TunaSweeper/Source/TunaSweeperEditor/Private/TunaSweeperLunaMk2SideTailPhysicsSetup.cpp,TunaSweeper/Content/Characters/Player/LunaMk2/SKM_LunaMk2.uasset,output_or_input_reference
TunaSweeper/Source/TunaSweeperEditor/Private/TunaSweeperLunaMk2SideTailPhysicsSetup.cpp,TunaSweeper/Content/Characters/Player/LunaMk2/SKM_LunaMk2_PhysicsAsset.uasset,output_or_input_reference
TunaSweeper/Source/TunaSweeperEditor/Private/TunaSweeperLunaSkirtPhysicsSetup.cpp,TunaSweeper/Content/Characters/Player/BP_TunaSweeperPlayerCharacter.uasset,output_or_input_reference
TunaSweeper/Source/TunaSweeperEditor/Private/TunaSweeperLunaSkirtPhysicsSetup.cpp,TunaSweeper/Content/Characters/Player/Luna/SKM_Luna.uasset,output_or_input_reference
TunaSweeper/Source/TunaSweeperEditor/Private/TunaSweeperLunaSkirtPhysicsSetup.cpp,TunaSweeper/Content/Characters/Player/Luna/SKM_Luna_PhysicsAsset.uasset,output_or_input_reference
TunaSweeper/Source/TunaSweeperEditor/Private/TunaSweeperLunaSkirtPhysicsSetup.cpp,TunaSweeper/Content/Characters/Player/Luna/Skirt/Animations/ABP_Luna_Skirt.uasset,output_or_input_reference
TunaSweeper/Source/TunaSweeperEditor/Private/TunaSweeperLunaSkirtPhysicsSetup.cpp,TunaSweeper/Content/Characters/Player/Luna/Skirt/Luna__Skirt_front.uasset,output_or_input_reference
TunaSweeper/Source/TunaSweeperEditor/Private/TunaSweeperLunaSkirtPhysicsSetup.cpp,TunaSweeper/Content/Characters/Player/Luna/Skirt/Luna__Skirt_front_PhysicsAsset.uasset,output_or_input_reference
TunaSweeper/Source/TunaSweeperEditor/Private/TunaSweeperLunaSkirtPhysicsSetup.cpp,TunaSweeper/Content/Characters/Player/Luna/Skirt/Luna__Skirt_front_Skeleton.uasset,output_or_input_reference
TunaSweeper/Source/TunaSweeperEditor/Private/TunaSweeperLunaSkirtPhysicsSetup.cpp,TunaSweeper/Content/Characters/Player/Luna/Skirt/PA_Luna_SkirtBodyProxy.uasset,output_or_input_reference
TunaSweeper/Source/TunaSweeperEditor/Private/TunaSweeperProceduralTerrainTest.cpp,TunaSweeper/Content/Maps/PrototypeTerrainPathCreekMap.umap,output_or_input_reference
TunaSweeper/Source/TunaSweeperEditor/Private/TunaSweeperProceduralTerrainTest.cpp,TunaSweeper/Content/Prototype/TerrainTest/LI_TerrainTest_DarkDirt.uasset,output_or_input_reference
TunaSweeper/Source/TunaSweeperEditor/Private/TunaSweeperProceduralTerrainTest.cpp,TunaSweeper/Content/Prototype/TerrainTest/LI_TerrainTest_Dirt.uasset,output_or_input_reference
TunaSweeper/Source/TunaSweeperEditor/Private/TunaSweeperProceduralTerrainTest.cpp,TunaSweeper/Content/Prototype/TerrainTest/LI_TerrainTest_Grass.uasset,output_or_input_reference
TunaSweeper/Source/TunaSweeperEditor/Private/TunaSweeperProceduralTerrainTest.cpp,TunaSweeper/Content/Prototype/TerrainTest/LI_TerrainTest_Rock.uasset,output_or_input_reference
TunaSweeper/Source/TunaSweeperEditor/Private/TunaSweeperProceduralTerrainTest.cpp,TunaSweeper/Content/Prototype/TerrainTest/M_TerrainTest_CreekWater.uasset,output_or_input_reference
TunaSweeper/Source/TunaSweeperEditor/Private/TunaSweeperProceduralTerrainTest.cpp,TunaSweeper/Content/Prototype/TerrainTest/M_TerrainTest_Landscape.uasset,output_or_input_reference
TunaSweeper/Source/TunaSweeperEditor/Private/TunaSweeperProceduralTerrainTest.cpp,TunaSweeper/Content/Prototype/TerrainTest/SM_TerrainTest_CreekWater.uasset,output_or_input_reference
TunaSweeper/Source/TunaSweeperEditor/Private/TunaSweeperProceduralTerrainTest.cpp,TunaSweeper/Content/Prototype/TerrainTest/T_TerrainTest_CreekWater.uasset,output_or_input_reference
TunaSweeper/Source/TunaSweeperEditor/Private/TunaSweeperProceduralTerrainTest.cpp,TunaSweeper/Content/Prototype/TerrainTest/T_TerrainTest_DarkDirt.uasset,output_or_input_reference
TunaSweeper/Source/TunaSweeperEditor/Private/TunaSweeperProceduralTerrainTest.cpp,TunaSweeper/Content/Prototype/TerrainTest/T_TerrainTest_Dirt.uasset,output_or_input_reference
TunaSweeper/Source/TunaSweeperEditor/Private/TunaSweeperProceduralTerrainTest.cpp,TunaSweeper/Content/Prototype/TerrainTest/T_TerrainTest_Grass.uasset,output_or_input_reference
TunaSweeper/Source/TunaSweeperEditor/Private/TunaSweeperProceduralTerrainTest.cpp,TunaSweeper/Content/Prototype/TerrainTest/T_TerrainTest_Rock.uasset,output_or_input_reference
TunaSweeper/Source/TunaSweeperEditor/Private/TunaSweeperPuddleSkyReflectionMaterial.cpp,TunaSweeper/Content/Prototype/Water/MI_PuddleSkyReflection.uasset,output_or_input_reference
TunaSweeper/Source/TunaSweeperEditor/Private/TunaSweeperPuddleSkyReflectionMaterial.cpp,TunaSweeper/Content/Prototype/Water/M_PuddleSkyReflection.uasset,output_or_input_reference
TunaSweeper/Source/TunaSweeperEditor/Private/TunaSweeperPuddleSkyReflectionMaterial.cpp,TunaSweeper/Content/Prototype/Water/T_PuddleSkyReflection_DefaultSkyClouds.uasset,output_or_input_reference
TunaSweeper/Source/TunaSweeperEditor/Private/TunaSweeperQuadrupedPresetSetup.cpp,TunaSweeper/Content/Blueprints/BP_QuadrupedDog.uasset,output_or_input_reference
TunaSweeper/Source/TunaSweeperEditor/Private/TunaSweeperQuadrupedPresetSetup.cpp,TunaSweeper/Content/Blueprints/BP_QuadrupedGunEnemy.uasset,output_or_input_reference
TunaSweeper/Source/TunaSweeperEditor/Private/TunaSweeperQuadrupedPresetSetup.cpp,TunaSweeper/Content/Characters/Robot/ABP_RobotDog.uasset,output_or_input_reference
TunaSweeper/Source/TunaSweeperEditor/Private/TunaSweeperQuadrupedPresetSetup.cpp,TunaSweeper/Content/Characters/Robot/ABP_RobotDog_LegacyTwoBone.uasset,output_or_input_reference
TunaSweeper/Source/TunaSweeperEditor/Private/TunaSweeperQuadrupedPresetSetup.cpp,TunaSweeper/Content/Characters/Robot/QRP_RobotDog_2Joint.uasset,output_or_input_reference
TunaSweeper/Source/TunaSweeperEditor/Private/TunaSweeperQuadrupedPresetSetup.cpp,TunaSweeper/Content/Characters/Robot/SKM_Robot.uasset,output_or_input_reference
TunaSweeper/Source/TunaSweeperEditor/Private/TunaSweeperQuadrupedPresetSetup.cpp,TunaSweeper/Content/Characters/Robot/SKM_Robot_Skeleton.uasset,output_or_input_reference
TunaSweeper/Source/TunaSweeperEditor/Private/TunaSweeperRaidPlacementAnchorAssets.cpp,TunaSweeper/Content/Meshes/Props/ToolBox/SM_ToolBox.uasset,output_or_input_reference
TunaSweeper/Source/TunaSweeperEditor/Private/TunaSweeperRaidPlacementAnchorAssets.cpp,TunaSweeper/Content/Nature/Wood/SM_CrateA.uasset,output_or_input_reference
TunaSweeper/Source/TunaSweeperEditor/Private/TunaSweeperRaidPlacementAnchorAssets.cpp,TunaSweeper/Content/Nature/Wood/SM_CrateB.uasset,output_or_input_reference
TunaSweeper/Source/TunaSweeperEditor/Private/TunaSweeperRaidPlacementAnchorAssets.cpp,TunaSweeper/Content/Raid/Placement/BP_RaidPlacementAnchor.uasset,output_or_input_reference
TunaSweeper/Source/TunaSweeperEditor/Private/TunaSweeperRaidPlacementAnchorAssets.cpp,TunaSweeper/Content/Raid/Placement/DA_LootAnchorPreviews.uasset,output_or_input_reference
TunaSweeper/Source/TunaSweeperEditor/Private/TunaSweeperRaidPlacementAnchorAssets.cpp,TunaSweeper/Content/Raid/Placement/SM_LootAnchorPreview_Large.uasset,output_or_input_reference
TunaSweeper/Source/TunaSweeperEditor/Private/TunaSweeperRaidPlacementAnchorAssets.cpp,TunaSweeper/Content/Raid/Placement/SM_LootAnchorPreview_Medium.uasset,output_or_input_reference
TunaSweeper/Source/TunaSweeperEditor/Private/TunaSweeperRaidPlacementAnchorAssets.cpp,TunaSweeper/Content/Raid/Placement/SM_LootAnchorPreview_Small.uasset,output_or_input_reference
TunaSweeper/Source/TunaSweeperEditor/Private/TunaSweeperRobotDissolveSetup.cpp,TunaSweeper/Content/Characters/Robot/Materials/M_Robot_Customizable.uasset,output_or_input_reference
TunaSweeper/Source/TunaSweeperEditor/Private/TunaSweeperTitleScreenSetup.cpp,TunaSweeper/Content/UI/Title/M_SettingsBackArrow.uasset,output_or_input_reference
TunaSweeper/Source/TunaSweeperEditor/Private/TunaSweeperTitleScreenSetup.cpp,TunaSweeper/Content/UI/Title/M_SettingsTabMist.uasset,output_or_input_reference
TunaSweeper/Source/TunaSweeperEditor/Private/TunaSweeperTitleScreenSetup.cpp,TunaSweeper/Content/UI/Title/Screens/WBP_TitleCredits.uasset,output_or_input_reference
TunaSweeper/Source/TunaSweeperEditor/Private/TunaSweeperTitleScreenSetup.cpp,TunaSweeper/Content/UI/Title/Screens/WBP_TitleDemoNotice.uasset,output_or_input_reference
TunaSweeper/Source/TunaSweeperEditor/Private/TunaSweeperTitleScreenSetup.cpp,TunaSweeper/Content/UI/Title/Screens/WBP_TitleGraphics.uasset,output_or_input_reference
TunaSweeper/Source/TunaSweeperEditor/Private/TunaSweeperTitleScreenSetup.cpp,TunaSweeper/Content/UI/Title/Screens/WBP_TitleMain.uasset,output_or_input_reference
TunaSweeper/Source/TunaSweeperEditor/Private/TunaSweeperTitleScreenSetup.cpp,TunaSweeper/Content/UI/Title/Screens/WBP_TitleSaveSlots.uasset,output_or_input_reference
TunaSweeper/Source/TunaSweeperEditor/Private/TunaSweeperTitleScreenSetup.cpp,TunaSweeper/Content/UI/Title/Screens/WBP_TitleSettings.uasset,output_or_input_reference
TunaSweeper/Source/TunaSweeperEditor/Private/TunaSweeperTitleScreenSetup.cpp,TunaSweeper/Content/UI/Title/T_ButtonLeafFrame.uasset,output_or_input_reference
TunaSweeper/Source/TunaSweeperEditor/Private/TunaSweeperTitleScreenSetup.cpp,TunaSweeper/Content/UI/Title/T_SettingsBackArrow.uasset,output_or_input_reference
TunaSweeper/Source/TunaSweeperEditor/Private/TunaSweeperTitleScreenSetup.cpp,TunaSweeper/Content/UI/Title/T_SettingsLeafSimple.uasset,output_or_input_reference
TunaSweeper/Source/TunaSweeperEditor/Private/TunaSweeperTitleScreenSetup.cpp,TunaSweeper/Content/UI/Title/T_SettingsSidebarFade.uasset,output_or_input_reference
TunaSweeper/Source/TunaSweeperEditor/Private/TunaSweeperTitleScreenSetup.cpp,TunaSweeper/Content/UI/WBP_IntroMenu.uasset,output_or_input_reference
TunaSweeper/Source/TunaSweeperEditor/Private/TunaSweeperWallCopingSetup.cpp,TunaSweeper/Content/Environment/Architecture/WallCoping/BP_WallCopingSpline.uasset,output_or_input_reference
TunaSweeper/Source/TunaSweeperEditor/Private/TunaSweeperWallCopingSetup.cpp,TunaSweeper/Content/Environment/Architecture/WallCoping/M_WallCoping_WarmSandstone.uasset,output_or_input_reference
TunaSweeper/Source/TunaSweeperEditor/Private/TunaSweeperWallCopingSetup.cpp,TunaSweeper/Content/Environment/Architecture/WallCoping/SM_WallCoping_Straight.uasset,output_or_input_reference
TunaSweeper/Source/TunaSweeperEditor/Private/TunaSweeperWallCopingSetup.cpp,TunaSweeper/Content/Environment/Bunker/Agit/SM_Agit_D_000.uasset,output_or_input_reference
TunaSweeper/Source/TunaSweeperEditor/Private/TunaSweeperWallCopingSetup.cpp,TunaSweeper/Content/Environment/Bunker/Agit/SM_Agit_D_001.uasset,output_or_input_reference
TunaSweeper/Source/TunaSweeperEditor/Private/TunaSweeperWallCopingSetup.cpp,TunaSweeper/Content/Environment/Bunker/Agit/SM_Agit_D_002.uasset,output_or_input_reference
TunaSweeper/Source/TunaSweeperEditor/Private/TunaSweeperWallCopingSetup.cpp,TunaSweeper/Content/Environment/Bunker/Agit/SM_Agit_D_003.uasset,output_or_input_reference
TunaSweeper/Source/TunaSweeperEditor/Private/TunaSweeperWallCopingSetup.cpp,TunaSweeper/Content/Environment/Bunker/Agit/SM_Agit_D_004.uasset,output_or_input_reference
TunaSweeper/Source/TunaSweeperEditor/Private/TunaSweeperWallCopingSetup.cpp,TunaSweeper/Content/Environment/Bunker/Agit/SM_Agit_D_005.uasset,output_or_input_reference
TunaSweeper/Source/TunaSweeperEditor/Private/TunaSweeperWallCopingSetup.cpp,TunaSweeper/Content/Environment/Bunker/Agit/SM_Agit_D_006.uasset,output_or_input_reference
TunaSweeper/Source/TunaSweeperEditor/Private/TunaThoughtIndicatorSetup.cpp,TunaSweeper/Content/Blueprints/UI/BP_TunaThoughtIndicator.uasset,output_or_input_reference
TunaSweeper/Source/TunaSweeperEditor/Private/TunaThoughtIndicatorSetup.cpp,TunaSweeper/Content/UI/Indicators/T_TunaThoughtIndicator.uasset,output_or_input_reference
TunaSweeper/Plugins/StylizedWater/Source/StylizedWaterEditor/Private/StylizedWaterEditorModule.cpp,TunaSweeper/Plugins/StylizedWater/Content/Generated/Internal/BP_StylizedWaterBody_Internal.uasset,output_or_input_reference
TunaSweeper/Plugins/StylizedWater/Source/StylizedWaterEditor/Private/StylizedWaterEditorModule.cpp,TunaSweeper/Plugins/StylizedWater/Content/Generated/Internal/MI_StylizedWater_CalmAnime.uasset,output_or_input_reference
TunaSweeper/Plugins/StylizedWater/Source/StylizedWaterEditor/Private/StylizedWaterEditorModule.cpp,TunaSweeper/Plugins/StylizedWater/Content/Generated/Internal/MI_StylizedWater_ShoreOverlay.uasset,output_or_input_reference
TunaSweeper/Plugins/StylizedWater/Source/StylizedWaterEditor/Private/StylizedWaterEditorModule.cpp,TunaSweeper/Plugins/StylizedWater/Content/Generated/Internal/M_StylizedWaterShoreOverlay.uasset,output_or_input_reference
TunaSweeper/Plugins/StylizedWater/Source/StylizedWaterEditor/Private/StylizedWaterEditorModule.cpp,TunaSweeper/Plugins/StylizedWater/Content/Generated/Internal/M_StylizedWaterSurface.uasset,output_or_input_reference
TunaSweeper/Plugins/StylizedWater/Source/StylizedWaterEditor/Private/StylizedWaterEditorModule.cpp,TunaSweeper/Plugins/StylizedWater/Content/Generated/Internal/T_WaterDepthGradient.uasset,output_or_input_reference
TunaSweeper/Plugins/SplineWorldBuilder/Source/SplineWorldBuilderEditor/Private/SplineWorldBuilderEditorModule.cpp,TunaSweeper/Plugins/SplineWorldBuilder/Content/Generated/Internal/M_SWB_TestStone.uasset,output_or_input_reference
TunaSweeper/Plugins/SplineWorldBuilder/Source/SplineWorldBuilderEditor/Private/SplineWorldBuilderEditorModule.cpp,TunaSweeper/Plugins/SplineWorldBuilder/Content/Generated/Internal/SM_SWB_TestCorner.uasset,output_or_input_reference
TunaSweeper/Plugins/SplineWorldBuilder/Source/SplineWorldBuilderEditor/Private/SplineWorldBuilderEditorModule.cpp,TunaSweeper/Plugins/SplineWorldBuilder/Content/Generated/Internal/SM_SWB_TestCrossJunction.uasset,output_or_input_reference
TunaSweeper/Plugins/SplineWorldBuilder/Source/SplineWorldBuilderEditor/Private/SplineWorldBuilderEditorModule.cpp,TunaSweeper/Plugins/SplineWorldBuilder/Content/Generated/Internal/SM_SWB_TestEnd.uasset,output_or_input_reference
TunaSweeper/Plugins/SplineWorldBuilder/Source/SplineWorldBuilderEditor/Private/SplineWorldBuilderEditorModule.cpp,TunaSweeper/Plugins/SplineWorldBuilder/Content/Generated/Internal/SM_SWB_TestStraight.uasset,output_or_input_reference
TunaSweeper/Plugins/SplineWorldBuilder/Source/SplineWorldBuilderEditor/Private/SplineWorldBuilderEditorModule.cpp,TunaSweeper/Plugins/SplineWorldBuilder/Content/Generated/Internal/SM_SWB_TestTJunction.uasset,output_or_input_reference
TunaSweeper/Plugins/SplineWorldBuilder/Source/SplineWorldBuilderEditor/Private/SplineWorldBuilderEditorModule.cpp,TunaSweeper/Plugins/SplineWorldBuilder/Content/Generated/Internal/T_SWB_StoneBlocks.uasset,output_or_input_reference
TunaSweeper/Plugins/SplineWorldBuilder/Source/SplineWorldBuilderEditor/Private/SplineWorldBuilderEditorModule.cpp,TunaSweeper/Plugins/SplineWorldBuilder/Content/Profiles/DA_SWB_TestStoneWall.uasset,output_or_input_reference
TunaSweeper/Plugins/RegionalGroundFog/Source/RegionalGroundFogEditor/Private/RegionalGroundFogEditorModule.cpp,TunaSweeper/Plugins/RegionalGroundFog/Content/Materials/M_RegionalGroundFogCard.uasset,output_or_input_reference
TunaSweeper/Plugins/RegionalGroundFog/Source/RegionalGroundFogEditor/Private/RegionalGroundFogEditorModule.cpp,TunaSweeper/Plugins/RegionalGroundFog/Content/Textures/T_RegionalGroundFogDensity_01.uasset,output_or_input_reference
TunaSweeper/Plugins/TunaWarpTransition/Source/TunaWarpTransitionEditor/Private/TunaWarpTransitionEditorModule.cpp,TunaSweeper/Plugins/TunaWarpTransition/Content/Generated/Internal/M_PP_TunaWarpArrivalRim_Internal.uasset,output_or_input_reference
TunaSweeper/Plugins/TunaWarpTransition/Source/TunaWarpTransitionEditor/Private/TunaWarpTransitionEditorModule.cpp,TunaSweeper/Plugins/TunaWarpTransition/Content/Generated/Internal/M_PP_TunaWarpRadial_Internal.uasset,output_or_input_reference
TunaSweeper/Plugins/TunaWarpTransition/Source/TunaWarpTransitionEditor/Private/TunaWarpTransitionEditorModule.cpp,TunaSweeper/Plugins/TunaWarpTransition/Content/Materials/MI_PP_TunaWarpArrivalRim_Default.uasset,output_or_input_reference
TunaSweeper/Plugins/TunaWarpTransition/Source/TunaWarpTransitionEditor/Private/TunaWarpTransitionEditorModule.cpp,TunaSweeper/Plugins/TunaWarpTransition/Content/Materials/MI_PP_TunaWarpRadial_Default.uasset,output_or_input_reference
TunaSweeper/Plugins/TunaWarpTransition/Source/TunaWarpTransitionEditor/Private/TunaWarpTransitionEditorModule.cpp,TunaSweeper/Plugins/TunaWarpTransition/Content/Profiles/DA_WarpTransition_Default.uasset,output_or_input_reference
TunaSweeper/Source/TunaSweeperEditor/Private/TunaSweeperEditorSetupImports.cpp,TunaSweeper/Content/UI/Icons/T_UIIcon_Antibiotics.uasset,output_or_input_reference
TunaSweeper/Source/TunaSweeperEditor/Private/TunaSweeperEditorSetupImports.cpp,TunaSweeper/Content/UI/Icons/T_UIIcon_Backpack.uasset,output_or_input_reference
TunaSweeper/Source/TunaSweeperEditor/Private/TunaSweeperEditorSetupImports.cpp,TunaSweeper/Content/UI/Icons/T_UIIcon_Backpack_Tier1.uasset,output_or_input_reference
TunaSweeper/Source/TunaSweeperEditor/Private/TunaSweeperEditorSetupImports.cpp,TunaSweeper/Content/UI/Icons/T_UIIcon_Backpack_Tier2.uasset,output_or_input_reference
TunaSweeper/Source/TunaSweeperEditor/Private/TunaSweeperEditorSetupImports.cpp,TunaSweeper/Content/UI/Icons/T_UIIcon_Backpack_Tier3.uasset,output_or_input_reference
TunaSweeper/Source/TunaSweeperEditor/Private/TunaSweeperEditorSetupImports.cpp,TunaSweeper/Content/UI/Icons/T_UIIcon_Backpack_Tier4.uasset,output_or_input_reference
TunaSweeper/Source/TunaSweeperEditor/Private/TunaSweeperEditorSetupImports.cpp,TunaSweeper/Content/UI/Icons/T_UIIcon_BallisticHelmet.uasset,output_or_input_reference
TunaSweeper/Source/TunaSweeperEditor/Private/TunaSweeperEditorSetupImports.cpp,TunaSweeper/Content/UI/Icons/T_UIIcon_Bandage.uasset,output_or_input_reference
TunaSweeper/Source/TunaSweeperEditor/Private/TunaSweeperEditorSetupImports.cpp,TunaSweeper/Content/UI/Icons/T_UIIcon_BodyArmor.uasset,output_or_input_reference
TunaSweeper/Source/TunaSweeperEditor/Private/TunaSweeperEditorSetupImports.cpp,TunaSweeper/Content/UI/Icons/T_UIIcon_CannedFood.uasset,output_or_input_reference
TunaSweeper/Source/TunaSweeperEditor/Private/TunaSweeperEditorSetupImports.cpp,TunaSweeper/Content/UI/Icons/T_UIIcon_CannedTuna.uasset,output_or_input_reference
TunaSweeper/Source/TunaSweeperEditor/Private/TunaSweeperEditorSetupImports.cpp,TunaSweeper/Content/UI/Icons/T_UIIcon_CombatKnife.uasset,output_or_input_reference
TunaSweeper/Source/TunaSweeperEditor/Private/TunaSweeperEditorSetupImports.cpp,TunaSweeper/Content/UI/Icons/T_UIIcon_EnergyBar.uasset,output_or_input_reference
TunaSweeper/Source/TunaSweeperEditor/Private/TunaSweeperEditorSetupImports.cpp,TunaSweeper/Content/UI/Icons/T_UIIcon_FirstAidKit.uasset,output_or_input_reference
TunaSweeper/Source/TunaSweeperEditor/Private/TunaSweeperEditorSetupImports.cpp,TunaSweeper/Content/UI/Icons/T_UIIcon_Painkillers.uasset,output_or_input_reference
TunaSweeper/Source/TunaSweeperEditor/Private/TunaSweeperEditorSetupImports.cpp,TunaSweeper/Content/UI/Icons/T_UIIcon_Pistol.uasset,output_or_input_reference
TunaSweeper/Source/TunaSweeperEditor/Private/TunaSweeperEditorSetupImports.cpp,TunaSweeper/Content/UI/Icons/T_UIIcon_PistolAmmo.uasset,output_or_input_reference
TunaSweeper/Source/TunaSweeperEditor/Private/TunaSweeperEditorSetupImports.cpp,TunaSweeper/Content/UI/Icons/T_UIIcon_RedDotOptic.uasset,output_or_input_reference
TunaSweeper/Source/TunaSweeperEditor/Private/TunaSweeperEditorSetupImports.cpp,TunaSweeper/Content/UI/Icons/T_UIIcon_Rifle.uasset,output_or_input_reference
TunaSweeper/Source/TunaSweeperEditor/Private/TunaSweeperEditorSetupImports.cpp,TunaSweeper/Content/UI/Icons/T_UIIcon_RifleAmmo.uasset,output_or_input_reference
TunaSweeper/Source/TunaSweeperEditor/Private/TunaSweeperEditorSetupImports.cpp,TunaSweeper/Content/UI/Icons/T_UIIcon_RifleExtendedMagazine.uasset,output_or_input_reference
TunaSweeper/Source/TunaSweeperEditor/Private/TunaSweeperEditorSetupImports.cpp,TunaSweeper/Content/UI/Icons/T_UIIcon_Shotgun.uasset,output_or_input_reference
TunaSweeper/Source/TunaSweeperEditor/Private/TunaSweeperEditorSetupImports.cpp,TunaSweeper/Content/UI/Icons/T_UIIcon_ShotgunAmmo.uasset,output_or_input_reference
TunaSweeper/Source/TunaSweeperEditor/Private/TunaSweeperEditorSetupImports.cpp,TunaSweeper/Content/UI/Icons/T_UIIcon_TacticalEarphones_Tier1.uasset,output_or_input_reference
TunaSweeper/Source/TunaSweeperEditor/Private/TunaSweeperEditorSetupImports.cpp,TunaSweeper/Content/UI/Icons/T_UIIcon_TacticalEarphones_Tier2.uasset,output_or_input_reference
TunaSweeper/Source/TunaSweeperEditor/Private/TunaSweeperEditorSetupImports.cpp,TunaSweeper/Content/UI/Icons/T_UIIcon_TacticalJacket.uasset,output_or_input_reference
TunaSweeper/Source/TunaSweeperEditor/Private/TunaSweeperEditorSetupImports.cpp,TunaSweeper/Content/UI/Icons/T_UIIcon_TacticalSunglasses.uasset,output_or_input_reference
TunaSweeper/Source/TunaSweeperEditor/Private/TunaSweeperEditorSetupImports.cpp,TunaSweeper/Content/UI/Icons/T_UIIcon_ValuablesCrate.uasset,output_or_input_reference
TunaSweeper/Source/TunaSweeperEditor/Private/TunaSweeperEditorSetupImports.cpp,TunaSweeper/Content/UI/Icons/T_UIIcon_WaterBottle.uasset,output_or_input_reference
TunaSweeper/Source/TunaSweeperEditor/Private/TunaSweeperEditorSetupImports.cpp,TunaSweeper/Content/UI/Icons/T_UI_Hud_Status_Heart.uasset,output_or_input_reference
TunaSweeper/Source/TunaSweeperEditor/Private/TunaSweeperEditorSetupImports.cpp,TunaSweeper/Content/UI/Icons/T_UI_Hud_Status_Meat.uasset,output_or_input_reference
TunaSweeper/Source/TunaSweeperEditor/Private/TunaSweeperEditorSetupImports.cpp,TunaSweeper/Content/UI/Icons/T_UI_Hud_Status_WaterDrop.uasset,output_or_input_reference
TunaSweeper/Source/TunaSweeperEditor/Private/TunaSweeperEditorSetupImports.cpp,TunaSweeper/Content/UI/Story/T_Story_OpeningLightParticles.uasset,output_or_input_reference
TunaSweeper/Source/TunaSweeperEditor/Private/TunaSweeperEditorSetupImports.cpp,TunaSweeper/Content/UI/Title/tuna_sweeper_fish_transparent.uasset,output_or_input_reference
TunaSweeper/Source/TunaSweeperEditor/Private/TunaSweeperEditorSetupImports.cpp,TunaSweeper/Content/UI/Title/tuna_sweeper_logo_transparent.uasset,output_or_input_reference
Tools/GazeTestRobot/import_gaze_test_robot.py,TunaSweeper/Content/Characters/Test/GazeRobot/BP_GazeTestRobot.uasset,directory_inventory_includes_later_variants
Tools/GazeTestRobot/import_gaze_test_robot.py,TunaSweeper/Content/Characters/Test/GazeRobot/M_GazeRobot_Body.uasset,directory_inventory_includes_later_variants
Tools/GazeTestRobot/import_gaze_test_robot.py,TunaSweeper/Content/Characters/Test/GazeRobot/M_GazeRobot_Eye.uasset,directory_inventory_includes_later_variants
Tools/GazeTestRobot/import_gaze_test_robot.py,TunaSweeper/Content/Characters/Test/GazeRobot/M_GazeRobot_Head.uasset,directory_inventory_includes_later_variants
Tools/GazeTestRobot/import_gaze_test_robot.py,TunaSweeper/Content/Characters/Test/GazeRobot/M_GazeRobot_Neck.uasset,directory_inventory_includes_later_variants
Tools/GazeTestRobot/import_gaze_test_robot.py,TunaSweeper/Content/Characters/Test/GazeRobot/M_GazeRobot_Pupil.uasset,directory_inventory_includes_later_variants
Tools/GazeTestRobot/import_gaze_test_robot.py,TunaSweeper/Content/Characters/Test/GazeRobot/SKM_GazeTestRobot.uasset,directory_inventory_includes_later_variants
Tools/GazeTestRobot/import_gaze_test_robot.py,TunaSweeper/Content/Characters/Test/GazeRobot/SKM_GazeTestRobot_Skeleton.uasset,directory_inventory_includes_later_variants
Tools/RobotColorMask/create_robot_material_variants.py,TunaSweeper/Content/Characters/Robot/Materials/M_Robot.uasset,directory_inventory_includes_later_variants
Tools/RobotColorMask/create_robot_material_variants.py,TunaSweeper/Content/Characters/Robot/Materials/M_Robot_Customizable.uasset,directory_inventory_includes_later_variants
Tools/RobotColorMask/create_robot_material_variants.py,TunaSweeper/Content/Characters/Robot/Materials/MI_Robot_Blue.uasset,directory_inventory_includes_later_variants
Tools/RobotColorMask/create_robot_material_variants.py,TunaSweeper/Content/Characters/Robot/Materials/MI_Robot_BrightGray.uasset,directory_inventory_includes_later_variants
Tools/RobotColorMask/create_robot_material_variants.py,TunaSweeper/Content/Characters/Robot/Materials/MI_Robot_DarkGray.uasset,directory_inventory_includes_later_variants
Tools/RobotColorMask/create_robot_material_variants.py,TunaSweeper/Content/Characters/Robot/Materials/MI_Robot_Gold.uasset,directory_inventory_includes_later_variants
Tools/RobotColorMask/create_robot_material_variants.py,TunaSweeper/Content/Characters/Robot/Materials/MI_Robot_Red.uasset,directory_inventory_includes_later_variants
Tools/RobotColorMask/create_robot_material_variants.py,TunaSweeper/Content/Characters/Robot/Materials/T_Robot.uasset,directory_inventory_includes_later_variants
Tools/RobotColorMask/create_robot_material_variants.py,TunaSweeper/Content/Characters/Robot/Materials/T_Robot_BodyColorMask.uasset,directory_inventory_includes_later_variants
Tools/RobotColorMask/create_robot_material_variants.py,TunaSweeper/Content/Blueprints/Enemies/QuadrupedVariants/BP_QuadrupedGunEnemy_Blue.uasset,directory_inventory_includes_later_variants
Tools/RobotColorMask/create_robot_material_variants.py,TunaSweeper/Content/Blueprints/Enemies/QuadrupedVariants/BP_QuadrupedGunEnemy_BrightGray.uasset,directory_inventory_includes_later_variants
Tools/RobotColorMask/create_robot_material_variants.py,TunaSweeper/Content/Blueprints/Enemies/QuadrupedVariants/BP_QuadrupedGunEnemy_DarkGray.uasset,directory_inventory_includes_later_variants
Tools/RobotColorMask/create_robot_material_variants.py,TunaSweeper/Content/Blueprints/Enemies/QuadrupedVariants/BP_QuadrupedGunEnemy_Gold.uasset,directory_inventory_includes_later_variants
Tools/RobotColorMask/create_robot_material_variants.py,TunaSweeper/Content/Blueprints/Enemies/QuadrupedVariants/BP_QuadrupedGunEnemy_Red.uasset,directory_inventory_includes_later_variants
Tools/SourceAssets/create_world_quest_marker_materials.py,TunaSweeper/Content/UI/WorldQuestMarker/M_QuestMarkerHalo.uasset,directory_inventory_includes_later_variants
Tools/SourceAssets/create_world_quest_marker_materials.py,TunaSweeper/Content/UI/WorldQuestMarker/M_QuestMarkerSurface.uasset,directory_inventory_includes_later_variants
TunaSweeper/Source/TunaSweeperEditor/Private/TunaSweeperEditorSetupShared.h,TunaSweeper/Content/AI/Cover/BP_TunaSweeperCoverPoint.uasset,shared_constant_reference
TunaSweeper/Source/TunaSweeperEditor/Private/TunaSweeperEditorSetupShared.h,TunaSweeper/Content/Audio/BGM/Where_the_Birds_Still_Sing.uasset,shared_constant_reference
TunaSweeper/Source/TunaSweeperEditor/Private/TunaSweeperEditorSetupShared.h,TunaSweeper/Content/Audio/Imported/SW_Footstep_Basic.uasset,shared_constant_reference
TunaSweeper/Source/TunaSweeperEditor/Private/TunaSweeperEditorSetupShared.h,TunaSweeper/Content/Audio/Imported/SW_Gun_Trigger.uasset,shared_constant_reference
TunaSweeper/Source/TunaSweeperEditor/Private/TunaSweeperEditorSetupShared.h,TunaSweeper/Content/Audio/SFX/Weapons/SFX_Rifle_Fire_FM.uasset,shared_constant_reference
TunaSweeper/Source/TunaSweeperEditor/Private/TunaSweeperEditorSetupShared.h,TunaSweeper/Content/Audio/SFX/Weapons/SFX_Rifle_ReloadComplete_FM.uasset,shared_constant_reference
TunaSweeper/Source/TunaSweeperEditor/Private/TunaSweeperEditorSetupShared.h,TunaSweeper/Content/Audio/SFX/Weapons/SFX_Rifle_ReloadStart_FM.uasset,shared_constant_reference
TunaSweeper/Source/TunaSweeperEditor/Private/TunaSweeperEditorSetupShared.h,TunaSweeper/Content/Characters/Enemy/BP_TunaSweeperEnemy.uasset,shared_constant_reference
TunaSweeper/Source/TunaSweeperEditor/Private/TunaSweeperEditorSetupShared.h,TunaSweeper/Content/Characters/Enemy/M_EnemySensorDebug.uasset,shared_constant_reference
TunaSweeper/Source/TunaSweeperEditor/Private/TunaSweeperEditorSetupShared.h,TunaSweeper/Content/Characters/Enemy/M_Enemy_Blue.uasset,shared_constant_reference
TunaSweeper/Source/TunaSweeperEditor/Private/TunaSweeperEditorSetupShared.h,TunaSweeper/Content/Characters/Enemy/M_Enemy_Green.uasset,shared_constant_reference
TunaSweeper/Source/TunaSweeperEditor/Private/TunaSweeperEditorSetupShared.h,TunaSweeper/Content/Characters/Enemy/M_Enemy_Red.uasset,shared_constant_reference
TunaSweeper/Source/TunaSweeperEditor/Private/TunaSweeperEditorSetupShared.h,TunaSweeper/Content/Characters/Enemy/M_Enemy_Sightline.uasset,shared_constant_reference
TunaSweeper/Source/TunaSweeperEditor/Private/TunaSweeperEditorSetupShared.h,TunaSweeper/Content/Characters/Enemy/M_RollingBomberBodyGray.uasset,shared_constant_reference
TunaSweeper/Source/TunaSweeperEditor/Private/TunaSweeperEditorSetupShared.h,TunaSweeper/Content/Characters/Enemy/M_RollingBomberLegMetal.uasset,shared_constant_reference
TunaSweeper/Source/TunaSweeperEditor/Private/TunaSweeperEditorSetupShared.h,TunaSweeper/Content/Characters/Enemy/SM_Enemy_VoxelBody.uasset,shared_constant_reference
TunaSweeper/Source/TunaSweeperEditor/Private/TunaSweeperEditorSetupShared.h,TunaSweeper/Content/Characters/Enemy/SM_Enemy_VoxelForwardMarker.uasset,shared_constant_reference
TunaSweeper/Source/TunaSweeperEditor/Private/TunaSweeperEditorSetupShared.h,TunaSweeper/Content/Characters/Mole/BP_Mole.uasset,shared_constant_reference
TunaSweeper/Source/TunaSweeperEditor/Private/TunaSweeperEditorSetupShared.h,TunaSweeper/Content/Characters/Player/AudioVisual/DA_PlayerFootstepPresentation.uasset,shared_constant_reference
TunaSweeper/Source/TunaSweeperEditor/Private/TunaSweeperEditorSetupShared.h,TunaSweeper/Content/Characters/Player/BP_TunaSweeperPlayerCharacter.uasset,shared_constant_reference
TunaSweeper/Source/TunaSweeperEditor/Private/TunaSweeperEditorSetupShared.h,TunaSweeper/Content/Core/BP_TunaSweeperGameInstance.uasset,shared_constant_reference
TunaSweeper/Source/TunaSweeperEditor/Private/TunaSweeperEditorSetupShared.h,TunaSweeper/Content/Core/BP_TunaSweeperGameMode.uasset,shared_constant_reference
TunaSweeper/Source/TunaSweeperEditor/Private/TunaSweeperEditorSetupShared.h,TunaSweeper/Content/EditorOnly/Lookdev/Lookdev_NiagaraExplosion.umap,shared_constant_reference
TunaSweeper/Source/TunaSweeperEditor/Private/TunaSweeperEditorSetupShared.h,TunaSweeper/Content/EditorOnly/Lookdev/M_LookdevExplosionFloor.uasset,shared_constant_reference
TunaSweeper/Source/TunaSweeperEditor/Private/TunaSweeperEditorSetupShared.h,TunaSweeper/Content/EditorOnly/Lookdev/NS_LookdevFluidExplosion_HighCost.uasset,shared_constant_reference
TunaSweeper/Source/TunaSweeperEditor/Private/TunaSweeperEditorSetupShared.h,TunaSweeper/Content/EditorOnly/MapCapture/BP_Editor_MapCaptureActor.uasset,shared_constant_reference
TunaSweeper/Source/TunaSweeperEditor/Private/TunaSweeperEditorSetupShared.h,TunaSweeper/Content/Effects/BP_ProjectileHit_RedBurst.uasset,shared_constant_reference
TunaSweeper/Source/TunaSweeperEditor/Private/TunaSweeperEditorSetupShared.h,TunaSweeper/Content/Effects/DA_ProjectileHitEffects.uasset,shared_constant_reference
TunaSweeper/Source/TunaSweeperEditor/Private/TunaSweeperEditorSetupShared.h,TunaSweeper/Content/Effects/M_LedExpression_VertexColorEmissive.uasset,shared_constant_reference
TunaSweeper/Source/TunaSweeperEditor/Private/TunaSweeperEditorSetupShared.h,TunaSweeper/Content/Effects/M_LocalExplosionDistortion.uasset,shared_constant_reference
TunaSweeper/Source/TunaSweeperEditor/Private/TunaSweeperEditorSetupShared.h,TunaSweeper/Content/Effects/M_LocalExplosionFlipbook.uasset,shared_constant_reference
TunaSweeper/Source/TunaSweeperEditor/Private/TunaSweeperEditorSetupShared.h,TunaSweeper/Content/Effects/M_LocalExplosionSmoke.uasset,shared_constant_reference
TunaSweeper/Source/TunaSweeperEditor/Private/TunaSweeperEditorSetupShared.h,TunaSweeper/Content/Effects/M_LumberjackMeleeSwingArc.uasset,shared_constant_reference
TunaSweeper/Source/TunaSweeperEditor/Private/TunaSweeperEditorSetupShared.h,TunaSweeper/Content/Effects/M_PlayerScratchAfterimage.uasset,shared_constant_reference
TunaSweeper/Source/TunaSweeperEditor/Private/TunaSweeperEditorSetupShared.h,TunaSweeper/Content/Effects/M_PlayerScratchRainbowOverlay.uasset,shared_constant_reference
TunaSweeper/Source/TunaSweeperEditor/Private/TunaSweeperEditorSetupShared.h,TunaSweeper/Content/Effects/M_RollingBomberChargeCylinder.uasset,shared_constant_reference
TunaSweeper/Source/TunaSweeperEditor/Private/TunaSweeperEditorSetupShared.h,TunaSweeper/Content/Effects/NS_ExtractionSmokeSignal.uasset,shared_constant_reference
TunaSweeper/Source/TunaSweeperEditor/Private/TunaSweeperEditorSetupShared.h,TunaSweeper/Content/Effects/NS_Tomato_StickySplatter.uasset,shared_constant_reference
TunaSweeper/Source/TunaSweeperEditor/Private/TunaSweeperEditorSetupShared.h,TunaSweeper/Content/Effects/SM_LumberjackMeleeSwingArc.uasset,shared_constant_reference
TunaSweeper/Source/TunaSweeperEditor/Private/TunaSweeperEditorSetupShared.h,TunaSweeper/Content/Effects/SM_RollingBomberChargeCylinder_Open.uasset,shared_constant_reference
TunaSweeper/Source/TunaSweeperEditor/Private/TunaSweeperEditorSetupShared.h,TunaSweeper/Content/Effects/T_EnemyDeathStrawberry.uasset,shared_constant_reference
TunaSweeper/Source/TunaSweeperEditor/Private/TunaSweeperEditorSetupShared.h,TunaSweeper/Content/Effects/T_LocalExplosionFlipbook.uasset,shared_constant_reference
TunaSweeper/Source/TunaSweeperEditor/Private/TunaSweeperEditorSetupShared.h,TunaSweeper/Content/Effects/T_RollingBomberChargeCylinderMask.uasset,shared_constant_reference
TunaSweeper/Source/TunaSweeperEditor/Private/TunaSweeperEditorSetupShared.h,TunaSweeper/Content/Input/IA_Aim.uasset,shared_constant_reference
TunaSweeper/Source/TunaSweeperEditor/Private/TunaSweeperEditorSetupShared.h,TunaSweeper/Content/Input/IA_AmmoFocus.uasset,shared_constant_reference
TunaSweeper/Source/TunaSweeperEditor/Private/TunaSweeperEditorSetupShared.h,TunaSweeper/Content/Input/IA_AmmoSelect.uasset,shared_constant_reference
TunaSweeper/Source/TunaSweeperEditor/Private/TunaSweeperEditorSetupShared.h,TunaSweeper/Content/Input/IA_CameraMode.uasset,shared_constant_reference
TunaSweeper/Source/TunaSweeperEditor/Private/TunaSweeperEditorSetupShared.h,TunaSweeper/Content/Input/IA_Drop.uasset,shared_constant_reference
TunaSweeper/Source/TunaSweeperEditor/Private/TunaSweeperEditorSetupShared.h,TunaSweeper/Content/Input/IA_Fire.uasset,shared_constant_reference
TunaSweeper/Source/TunaSweeperEditor/Private/TunaSweeperEditorSetupShared.h,TunaSweeper/Content/Input/IA_Interact.uasset,shared_constant_reference
TunaSweeper/Source/TunaSweeperEditor/Private/TunaSweeperEditorSetupShared.h,TunaSweeper/Content/Input/IA_InteractionFocus.uasset,shared_constant_reference
TunaSweeper/Source/TunaSweeperEditor/Private/TunaSweeperEditorSetupShared.h,TunaSweeper/Content/Input/IA_Inventory.uasset,shared_constant_reference
TunaSweeper/Source/TunaSweeperEditor/Private/TunaSweeperEditorSetupShared.h,TunaSweeper/Content/Input/IA_Jump.uasset,shared_constant_reference
TunaSweeper/Source/TunaSweeperEditor/Private/TunaSweeperEditorSetupShared.h,TunaSweeper/Content/Input/IA_Map.uasset,shared_constant_reference
TunaSweeper/Source/TunaSweeperEditor/Private/TunaSweeperEditorSetupShared.h,TunaSweeper/Content/Input/IA_MeleeQuickSlot.uasset,shared_constant_reference
TunaSweeper/Source/TunaSweeperEditor/Private/TunaSweeperEditorSetupShared.h,TunaSweeper/Content/Input/IA_Move.uasset,shared_constant_reference
TunaSweeper/Source/TunaSweeperEditor/Private/TunaSweeperEditorSetupShared.h,TunaSweeper/Content/Input/IA_Reload.uasset,shared_constant_reference
TunaSweeper/Source/TunaSweeperEditor/Private/TunaSweeperEditorSetupShared.h,TunaSweeper/Content/Input/IA_Roll.uasset,shared_constant_reference
TunaSweeper/Source/TunaSweeperEditor/Private/TunaSweeperEditorSetupShared.h,TunaSweeper/Content/Input/IA_Sprint.uasset,shared_constant_reference
TunaSweeper/Source/TunaSweeperEditor/Private/TunaSweeperEditorSetupShared.h,TunaSweeper/Content/Input/IA_ToggleEnemyCombatDebug.uasset,shared_constant_reference
TunaSweeper/Source/TunaSweeperEditor/Private/TunaSweeperEditorSetupShared.h,TunaSweeper/Content/Input/IMC_Player.uasset,shared_constant_reference
TunaSweeper/Source/TunaSweeperEditor/Private/TunaSweeperEditorSetupShared.h,TunaSweeper/Content/Interaction/BP_BreakableAppleCrate.uasset,shared_constant_reference
TunaSweeper/Source/TunaSweeperEditor/Private/TunaSweeperEditorSetupShared.h,TunaSweeper/Content/Interaction/BP_BreakableTomato.uasset,shared_constant_reference
TunaSweeper/Source/TunaSweeperEditor/Private/TunaSweeperEditorSetupShared.h,TunaSweeper/Content/Interaction/BP_CookableChicken.uasset,shared_constant_reference
TunaSweeper/Source/TunaSweeperEditor/Private/TunaSweeperEditorSetupShared.h,TunaSweeper/Content/Interaction/BP_CrateFragment.uasset,shared_constant_reference
TunaSweeper/Source/TunaSweeperEditor/Private/TunaSweeperEditorSetupShared.h,TunaSweeper/Content/Interaction/BP_ExplosiveBarrel.uasset,shared_constant_reference
TunaSweeper/Source/TunaSweeperEditor/Private/TunaSweeperEditorSetupShared.h,TunaSweeper/Content/Interaction/BP_Interact_ItemSpawn.uasset,shared_constant_reference
TunaSweeper/Source/TunaSweeperEditor/Private/TunaSweeperEditorSetupShared.h,TunaSweeper/Content/Interaction/BP_Interact_LevelTravel.uasset,shared_constant_reference
TunaSweeper/Source/TunaSweeperEditor/Private/TunaSweeperEditorSetupShared.h,TunaSweeper/Content/Interaction/BP_Interact_LootContainerSpawn.uasset,shared_constant_reference
TunaSweeper/Source/TunaSweeperEditor/Private/TunaSweeperEditorSetupShared.h,TunaSweeper/Content/Interaction/BP_Interact_SelfDestruct.uasset,shared_constant_reference
TunaSweeper/Source/TunaSweeperEditor/Private/TunaSweeperEditorSetupShared.h,TunaSweeper/Content/Interaction/BP_LootContainer.uasset,shared_constant_reference
TunaSweeper/Source/TunaSweeperEditor/Private/TunaSweeperEditorSetupShared.h,TunaSweeper/Content/Interaction/BP_PhysicsApple.uasset,shared_constant_reference
TunaSweeper/Source/TunaSweeperEditor/Private/TunaSweeperEditorSetupShared.h,TunaSweeper/Content/Interaction/BP_PickupItem.uasset,shared_constant_reference
TunaSweeper/Source/TunaSweeperEditor/Private/TunaSweeperEditorSetupShared.h,TunaSweeper/Content/Interaction/BP_ResearchSinkInteraction.uasset,shared_constant_reference
TunaSweeper/Source/TunaSweeperEditor/Private/TunaSweeperEditorSetupShared.h,TunaSweeper/Content/Interaction/BP_SandbagCover.uasset,shared_constant_reference
TunaSweeper/Source/TunaSweeperEditor/Private/TunaSweeperEditorSetupShared.h,TunaSweeper/Content/Interaction/BP_TransparentObstacle.uasset,shared_constant_reference
TunaSweeper/Source/TunaSweeperEditor/Private/TunaSweeperEditorSetupShared.h,TunaSweeper/Content/Interaction/BP_WarpPoint.uasset,shared_constant_reference
TunaSweeper/Source/TunaSweeperEditor/Private/TunaSweeperEditorSetupShared.h,TunaSweeper/Content/Interaction/BP_WorldProgress_BrokenBridge.uasset,shared_constant_reference
TunaSweeper/Source/TunaSweeperEditor/Private/TunaSweeperEditorSetupShared.h,TunaSweeper/Content/Interaction/BP_WorldProgress_RepairedBridge.uasset,shared_constant_reference
TunaSweeper/Source/TunaSweeperEditor/Private/TunaSweeperEditorSetupShared.h,TunaSweeper/Content/Interaction/GC_CrateB_Fractured.uasset,shared_constant_reference
TunaSweeper/Source/TunaSweeperEditor/Private/TunaSweeperEditorSetupShared.h,TunaSweeper/Content/Interaction/GC_Tomato_Fractured.uasset,shared_constant_reference
TunaSweeper/Source/TunaSweeperEditor/Private/TunaSweeperEditorSetupShared.h,TunaSweeper/Content/Interaction/M_Container_Cardboard.uasset,shared_constant_reference
TunaSweeper/Source/TunaSweeperEditor/Private/TunaSweeperEditorSetupShared.h,TunaSweeper/Content/Interaction/M_Container_Metal.uasset,shared_constant_reference
TunaSweeper/Source/TunaSweeperEditor/Private/TunaSweeperEditorSetupShared.h,TunaSweeper/Content/Interaction/M_Container_Supply.uasset,shared_constant_reference
TunaSweeper/Source/TunaSweeperEditor/Private/TunaSweeperEditorSetupShared.h,TunaSweeper/Content/Interaction/M_Container_Wood.uasset,shared_constant_reference
TunaSweeper/Source/TunaSweeperEditor/Private/TunaSweeperEditorSetupShared.h,TunaSweeper/Content/Interaction/M_MemoStorageDevice.uasset,shared_constant_reference
TunaSweeper/Source/TunaSweeperEditor/Private/TunaSweeperEditorSetupShared.h,TunaSweeper/Content/Interaction/M_RollingBomberSpawner_Mechanic.uasset,shared_constant_reference
TunaSweeper/Source/TunaSweeperEditor/Private/TunaSweeperEditorSetupShared.h,TunaSweeper/Content/Interaction/M_SandbagCover_Burlap.uasset,shared_constant_reference
TunaSweeper/Source/TunaSweeperEditor/Private/TunaSweeperEditorSetupShared.h,TunaSweeper/Content/Interaction/M_SandbagCover_OverlayOutline.uasset,shared_constant_reference
TunaSweeper/Source/TunaSweeperEditor/Private/TunaSweeperEditorSetupShared.h,TunaSweeper/Content/Interaction/M_WarpPointEnergy.uasset,shared_constant_reference
TunaSweeper/Source/TunaSweeperEditor/Private/TunaSweeperEditorSetupShared.h,TunaSweeper/Content/Interaction/SM_Bridge_Broken_Voxel.uasset,shared_constant_reference
TunaSweeper/Source/TunaSweeperEditor/Private/TunaSweeperEditorSetupShared.h,TunaSweeper/Content/Interaction/SM_Bridge_Repaired_Voxel.uasset,shared_constant_reference
TunaSweeper/Source/TunaSweeperEditor/Private/TunaSweeperEditorSetupShared.h,TunaSweeper/Content/Interaction/SM_LevelTravel_Ladder.uasset,shared_constant_reference
TunaSweeper/Source/TunaSweeperEditor/Private/TunaSweeperEditorSetupShared.h,TunaSweeper/Content/Interaction/SM_Sandbag_LowPoly.uasset,shared_constant_reference
TunaSweeper/Source/TunaSweeperEditor/Private/TunaSweeperEditorSetupShared.h,TunaSweeper/Content/Interaction/T_MemoStorageDevice.uasset,shared_constant_reference
TunaSweeper/Source/TunaSweeperEditor/Private/TunaSweeperEditorSetupShared.h,TunaSweeper/Content/Interaction/T_RollingBomberSpawner_Mechanic.uasset,shared_constant_reference
TunaSweeper/Source/TunaSweeperEditor/Private/TunaSweeperEditorSetupShared.h,TunaSweeper/Content/Interaction/T_SandbagCover_Burlap.uasset,shared_constant_reference
TunaSweeper/Source/TunaSweeperEditor/Private/TunaSweeperEditorSetupShared.h,TunaSweeper/Content/Interaction/T_WarpPointNoise.uasset,shared_constant_reference
TunaSweeper/Source/TunaSweeperEditor/Private/TunaSweeperEditorSetupShared.h,TunaSweeper/Content/MainRaid/RaidMap.umap,shared_constant_reference
TunaSweeper/Source/TunaSweeperEditor/Private/TunaSweeperEditorSetupShared.h,TunaSweeper/Content/Maps/BunkerMap.umap,shared_constant_reference
TunaSweeper/Source/TunaSweeperEditor/Private/TunaSweeperEditorSetupShared.h,TunaSweeper/Content/Maps/DemoRaidMap.umap,shared_constant_reference
TunaSweeper/Source/TunaSweeperEditor/Private/TunaSweeperEditorSetupShared.h,TunaSweeper/Content/Maps/IntroMap.umap,shared_constant_reference
TunaSweeper/Source/TunaSweeperEditor/Private/TunaSweeperEditorSetupShared.h,TunaSweeper/Content/Maps/OpeningScenarioMap.umap,shared_constant_reference
TunaSweeper/Source/TunaSweeperEditor/Private/TunaSweeperEditorSetupShared.h,TunaSweeper/Content/Meshes/Props/TomatoHead/Materials/M_TomatoFlesh_Interior.uasset,shared_constant_reference
TunaSweeper/Source/TunaSweeperEditor/Private/TunaSweeperEditorSetupShared.h,TunaSweeper/Content/Meshes/Props/TomatoHead/Materials/M_TomatoGooParticle.uasset,shared_constant_reference
TunaSweeper/Source/TunaSweeperEditor/Private/TunaSweeperEditorSetupShared.h,TunaSweeper/Content/Meshes/Props/TomatoHead/Materials/M_TomatoGooSplat.uasset,shared_constant_reference
TunaSweeper/Source/TunaSweeperEditor/Private/TunaSweeperEditorSetupShared.h,TunaSweeper/Content/Movies/DA_LevelTravelPresentation.uasset,shared_constant_reference
TunaSweeper/Source/TunaSweeperEditor/Private/TunaSweeperEditorSetupShared.h,TunaSweeper/Content/Movies/MS_BunkerToRaid.uasset,shared_constant_reference
TunaSweeper/Source/TunaSweeperEditor/Private/TunaSweeperEditorSetupShared.h,TunaSweeper/Content/Prototype/M_Voxel_VertexColor.uasset,shared_constant_reference
TunaSweeper/Source/TunaSweeperEditor/Private/TunaSweeperEditorSetupShared.h,TunaSweeper/Content/UI/Icons/T_UI_Hud_Status_Heart.uasset,shared_constant_reference
TunaSweeper/Source/TunaSweeperEditor/Private/TunaSweeperEditorSetupShared.h,TunaSweeper/Content/UI/Icons/T_UI_Hud_Status_Meat.uasset,shared_constant_reference
TunaSweeper/Source/TunaSweeperEditor/Private/TunaSweeperEditorSetupShared.h,TunaSweeper/Content/UI/Icons/T_UI_Hud_Status_WaterDrop.uasset,shared_constant_reference
TunaSweeper/Source/TunaSweeperEditor/Private/TunaSweeperEditorSetupShared.h,TunaSweeper/Content/UI/Icons/T_UI_Mode_Inventory.uasset,shared_constant_reference
TunaSweeper/Source/TunaSweeperEditor/Private/TunaSweeperEditorSetupShared.h,TunaSweeper/Content/UI/Icons/T_UI_Mode_Map.uasset,shared_constant_reference
TunaSweeper/Source/TunaSweeperEditor/Private/TunaSweeperEditorSetupShared.h,TunaSweeper/Content/UI/Icons/T_UI_Mode_Memo.uasset,shared_constant_reference
TunaSweeper/Source/TunaSweeperEditor/Private/TunaSweeperEditorSetupShared.h,TunaSweeper/Content/UI/Icons/T_UI_Mode_Quest.uasset,shared_constant_reference
TunaSweeper/Source/TunaSweeperEditor/Private/TunaSweeperEditorSetupShared.h,TunaSweeper/Content/UI/M_UI_ScratchGauge.uasset,shared_constant_reference
TunaSweeper/Source/TunaSweeperEditor/Private/TunaSweeperEditorSetupShared.h,TunaSweeper/Content/UI/Story/T_Story_OpeningLightParticles.uasset,shared_constant_reference
TunaSweeper/Source/TunaSweeperEditor/Private/TunaSweeperEditorSetupShared.h,TunaSweeper/Content/UI/Title/BP_TitlePresentationActor.uasset,shared_constant_reference
TunaSweeper/Source/TunaSweeperEditor/Private/TunaSweeperEditorSetupShared.h,TunaSweeper/Content/UI/Title/tuna_sweeper_fish_transparent.uasset,shared_constant_reference
TunaSweeper/Source/TunaSweeperEditor/Private/TunaSweeperEditorSetupShared.h,TunaSweeper/Content/UI/Title/tuna_sweeper_logo_transparent.uasset,shared_constant_reference
TunaSweeper/Source/TunaSweeperEditor/Private/TunaSweeperEditorSetupShared.h,TunaSweeper/Content/UI/WBP_GameHud.uasset,shared_constant_reference
TunaSweeper/Source/TunaSweeperEditor/Private/TunaSweeperEditorSetupShared.h,TunaSweeper/Content/UI/WBP_HudBottomStatus.uasset,shared_constant_reference
TunaSweeper/Source/TunaSweeperEditor/Private/TunaSweeperEditorSetupShared.h,TunaSweeper/Content/UI/WBP_HudDebuffBar.uasset,shared_constant_reference
TunaSweeper/Source/TunaSweeperEditor/Private/TunaSweeperEditorSetupShared.h,TunaSweeper/Content/UI/WBP_HudExternalPanel.uasset,shared_constant_reference
TunaSweeper/Source/TunaSweeperEditor/Private/TunaSweeperEditorSetupShared.h,TunaSweeper/Content/UI/WBP_HudInventoryArea.uasset,shared_constant_reference
TunaSweeper/Source/TunaSweeperEditor/Private/TunaSweeperEditorSetupShared.h,TunaSweeper/Content/UI/WBP_HudItemInfoPanel.uasset,shared_constant_reference
TunaSweeper/Source/TunaSweeperEditor/Private/TunaSweeperEditorSetupShared.h,TunaSweeper/Content/UI/WBP_HudQuickSlotBar.uasset,shared_constant_reference
TunaSweeper/Source/TunaSweeperEditor/Private/TunaSweeperEditorSetupShared.h,TunaSweeper/Content/UI/WBP_HudTopReserve.uasset,shared_constant_reference
TunaSweeper/Source/TunaSweeperEditor/Private/TunaSweeperEditorSetupShared.h,TunaSweeper/Content/UI/WBP_InteractionMarker.uasset,shared_constant_reference
TunaSweeper/Source/TunaSweeperEditor/Private/TunaSweeperEditorSetupShared.h,TunaSweeper/Content/UI/WBP_IntroMenu.uasset,shared_constant_reference
TunaSweeper/Source/TunaSweeperEditor/Private/TunaSweeperEditorSetupShared.h,TunaSweeper/Content/UI/WBP_ItemThumbnailSlot.uasset,shared_constant_reference
TunaSweeper/Source/TunaSweeperEditor/Private/TunaSweeperEditorSetupShared.h,TunaSweeper/Content/UI/WBP_LevelTransitionVideo.uasset,shared_constant_reference
TunaSweeper/Source/TunaSweeperEditor/Private/TunaSweeperEditorSetupShared.h,TunaSweeper/Content/UI/WBP_LootContainerPanel.uasset,shared_constant_reference
TunaSweeper/Source/TunaSweeperEditor/Private/TunaSweeperEditorSetupShared.h,TunaSweeper/Content/UI/WBP_PickupItemIcon.uasset,shared_constant_reference
TunaSweeper/Source/TunaSweeperEditor/Private/TunaSweeperEditorSetupShared.h,TunaSweeper/Content/UI/WBP_QuestInteraction.uasset,shared_constant_reference
TunaSweeper/Source/TunaSweeperEditor/Private/TunaSweeperEditorSetupShared.h,TunaSweeper/Content/UI/WBP_QuestMenu.uasset,shared_constant_reference
TunaSweeper/Source/TunaSweeperEditor/Private/TunaSweeperEditorSetupShared.h,TunaSweeper/Content/UI/WBP_ResearchNode.uasset,shared_constant_reference
TunaSweeper/Source/TunaSweeperEditor/Private/TunaSweeperEditorSetupShared.h,TunaSweeper/Content/UI/WBP_ResearchTree.uasset,shared_constant_reference
TunaSweeper/Source/TunaSweeperEditor/Private/TunaSweeperEditorSetupShared.h,TunaSweeper/Content/UI/WBP_ShopContainerPanel.uasset,shared_constant_reference
TunaSweeper/Source/TunaSweeperEditor/Private/TunaSweeperEditorSetupShared.h,TunaSweeper/Content/UI/WBP_SpeechBubble.uasset,shared_constant_reference
TunaSweeper/Source/TunaSweeperEditor/Private/TunaSweeperEditorSetupShared.h,TunaSweeper/Content/UI/WBP_StorageContainerPanel.uasset,shared_constant_reference
TunaSweeper/Source/TunaSweeperEditor/Private/TunaSweeperEditorSetupShared.h,TunaSweeper/Content/UI/WBP_WorkbenchPanel.uasset,shared_constant_reference
TunaSweeper/Source/TunaSweeperEditor/Private/TunaSweeperEditorSetupShared.h,TunaSweeper/Content/UI/WBP_WorkbenchRecipeListEntry.uasset,shared_constant_reference
TunaSweeper/Source/TunaSweeperEditor/Private/TunaSweeperEditorSetupShared.h,TunaSweeper/Content/Weapons/AudioVisual/DA_EnemyWeaponPresentation_Fallback.uasset,shared_constant_reference
TunaSweeper/Source/TunaSweeperEditor/Private/TunaSweeperEditorSetupShared.h,TunaSweeper/Content/Weapons/AudioVisual/DA_WeaponPresentation_Rifle.uasset,shared_constant_reference
TunaSweeper/Source/TunaSweeperEditor/Private/TunaSweeperEditorSetupShared.h,TunaSweeper/Content/Weapons/BP_TunaSweeperProjectile.uasset,shared_constant_reference
TunaSweeper/Source/TunaSweeperEditor/Private/TunaSweeperEditorSetupShared.h,TunaSweeper/Content/Weapons/BP_TunaSweeperWeapon.uasset,shared_constant_reference
TunaSweeper/Source/TunaSweeperEditor/Private/TunaSweeperEditorSetupShared.h,TunaSweeper/Content/Weapons/DA_WeaponSpreadRecoil.uasset,shared_constant_reference
TunaSweeper/Source/TunaSweeperEditor/Private/TunaSweeperEditorSetupShared.h,TunaSweeper/Content/Weapons/Effects/M_WeaponShellCasing_Brass.uasset,shared_constant_reference
TunaSweeper/Source/TunaSweeperEditor/Private/TunaSweeperEditorSetupShared.h,TunaSweeper/Content/Weapons/Effects/SM_WeaponShellCasing.uasset,shared_constant_reference
TunaSweeper/Source/TunaSweeperEditor/Private/TunaSweeperEditorSetupShared.h,TunaSweeper/Content/Weapons/M_BaseballBat_Wood.uasset,shared_constant_reference
TunaSweeper/Source/TunaSweeperEditor/Private/TunaSweeperEditorSetupShared.h,TunaSweeper/Content/Weapons/SM_BaseballBat.uasset,shared_constant_reference
TunaSweeper/Source/TunaSweeperEditor/Private/TunaSweeperEditorSetupShared.h,TunaSweeper/Content/Weapons/T_BaseballBat_WoodGrain.uasset,shared_constant_reference
